5.4718,-4.9038,8.5472,-2.1584,-2.8953,0.3885
7.6155,-5.0602,9.4259,-2.2623,-1.9091,1.2344
9.8375,-2.2454,9.6667,-1.3594,-0.4714,1.0227
10.8174,-0.7675,8.2726,-0.9212,0.3715,0.8147
13.8278,1.5915,1.7554,0.1788,-0.7287,0.5966
9.3688,-1.3908,-4.3367,-1.0056,-1.6513,-0.5275
9.3688,-1.3908,-4.3367,-1.0056,-1.6513,-0.5275
10.1393,-1.2936,-1.7282,-1.0056,-1.6513,-0.5275
11.4625,-9.5234,7.7306,-0.6269,-2.234,-1.2736
5.0877,-5.985,4.8278,-3.2157,-0.8914,3.9126
3.7525,-7.8574,3.1989,-1.6362,-0.0779,4.5087
2.141,-20.3922,-1.5491,-0.4891,-0.4183,6.615
1.407,-11.6821,2.9288,1.7296,-1.0285,-1.1011
-1.8523,-13.2727,-3.9054,-2.3683,0.5805,-1.6102
-4.1459,-13.0355,2.5678,-2.9444,0.3118,-2.0951
3.7911,-8.8546,-3.1056,0.0325,0.8509,-1.7337
-3.5483,-4.8242,1.2266,-0.6128,-1.1091,-0.6869
-3.9102,-4.1204,0.7738,0.9326,-0.9523,0.8625
2.3647,-13.305,-2.6746,0.0426,-0.5398,0.2175
-2.377,-6.5067,-0.3227,-0.1716,0.8799,0.5756
-2.6794,-10.0143,-0.0688,-1.4579,-1.5549,0.9745
-1.6956,-7.151,1.6669,0.6631,-2.7488,0.6078
-0.9727,-10.4387,0.9867,1.9862,1.3428,0.6767
0.3646,-11.8801,-0.888,2.5184,2.7163,0.5837
1.9083,-12.4789,-1.287,-2.1152,0.4024,-1.9255
-4.9074,-15.251,1.2,-2.2774,-1.204,-3.0089
-2.3674,-5.5202,0.4708,-0.555,-0.4804,-1.041
-4.8446,-3.8324,0.5704,0.3236,0.1738,0.0153
3.5812,-12.2958,-2.0922,0.2856,-0.2314,0.0574
-6.1119,-16.474,-1.1964,0.5104,1.5807,-0.1017
-2.2564,-4.7653,-0.2824,-1.3457,0.877,0.3285
-0.9362,-5.1287,1.0158,0.6136,-2.5326,1.061
-1.0881,-10.4019,2.5241,2.074,-1.1514,0.9479
0.0589,-13.1773,-3.061,2.7703,4.5235,0.3274
2.1042,-11.7849,-2.9961,-0.7471,-0.7309,0.5446
-3.3054,-13.8739,-0.4831,-1.7319,0.5243,-3.2143
-6.8785,-11.8708,0.1854,-0.9899,1.2099,-2.3253
-3.4828,-3.8252,0.8345,0.2028,0.4424,-0.5417
-0.3583,-8.0231,-4.9478,0.7416,-0.6241,1.2474
7.3753,-14.9414,-2.2938,0.1929,-1.158,0.3334
-2.5534,-8.7864,-1.8165,-0.6973,0.4006,0.0964
-2.0982,-9.1113,1.7402,-0.1672,0.1558,0.4502
-2.5555,-6.6479,1.1303,1.3324,0.0142,0.835
0.5186,-10.8206,0.7995,2.3476,-2.6799,1.7299
1.1509,-11.7763,-1.9286,1.5506,3.4721,0.4352
2.0016,-11.5457,-1.6594,-0.4821,-0.5974,0.2723
-4.4345,-15.0114,-0.7507,-1.5447,0.9167,-3.3477
-5.522,-10.8535,0.6362,-0.6127,0.9004,-1.8116
-4.0292,-5.2002,1.4883,0.3656,-0.246,-0.434
-3.2447,-6.4597,-1.2837,1.264,-0.6612,1.3048
-2.4266,-13.9714,-1.1773,-0.2466,0.3854,-0.0988
-3.7528,-7.8622,0.2809,-0.2955,-0.0487,0.0185
-3.364,-8.4356,0.3063,-1.062,0.4496,0.4326
-1.587,-6.7848,1.1638,0.9929,-1.1846,1.217
1.0866,-10.255,1.5903,3.0388,-0.1988,0.7888
0.6404,-11.3925,-1.1563,1.5057,4.4267,0.2982
0.2073,-11.7144,-3.2504,-0.0565,1.1011,-0.4652
-5.123,-15.1478,1.7064,-2.1592,0.6779,-3.1782
-5.1763,-10.0424,-0.4128,0.5043,2.201,-1.5114
-3.2109,-5.5181,0.1292,0.4432,0.2344,0.2307
-3.524,-10.5879,0.0458,0.6267,0.022,1.5439
2.1858,-16.4085,-0.5886,0.2894,-1.0504,1.2435
-1.2924,-6.1651,-0.8189,0.7545,0.1965,-1.0459
-6.2728,-11.7544,1.4566,-2.5946,0.7549,-0.3176
-4.9965,-7.9881,3.6251,0.1078,1.3345,0.4881
-4.9965,-7.9881,3.6251,0.1078,1.3345,0.4881
-4.9965,-7.9881,3.6251,0.1078,1.3345,0.4881
-4.9965,-7.9881,3.6251,0.1078,1.3345,0.4881
-4.9965,-7.9881,3.6251,0.1078,1.3345,0.4881
-4.9965,-7.9881,3.6251,0.1078,1.3345,0.4881
-4.9965,-7.9881,3.6251,0.1078,1.3345,0.4881
-4.9965,-7.9881,3.6251,0.1078,1.3345,0.4881
-4.9965,-7.9881,3.6251,0.1078,1.3345,0.4881
-4.9965,-7.9881,3.6251,0.1078,1.3345,0.4881
-4.9965,-7.9881,3.6251,0.1078,1.3345,0.4881
-4.9965,-7.9881,3.6251,0.1078,1.3345,0.4881
-4.9965,-7.9881,3.6251,0.1078,1.3345,0.4881
-4.9965,-7.9881,3.6251,0.1078,1.3345,0.4881
-4.9965,-7.9881,3.6251,0.1078,1.3345,0.4881
-4.9965,-7.9881,3.6251,0.1078,1.3345,0.4881
-4.9965,-7.9881,3.6251,0.1078,1.3345,0.4881
-4.9965,-7.9881,3.6251,0.1078,1.3345,0.4881
-4.9965,-7.9881,3.6251,0.1078,1.3345,0.4881
-4.9965,-7.9881,3.6251,0.1078,1.3345,0.4881
-4.9965,-7.9881,3.6251,0.1078,1.3345,0.4881
-4.9965,-7.9881,3.6251,0.1078,1.3345,0.4881
-4.9965,-7.9881,3.6251,0.1078,1.3345,0.4881
-4.9965,-7.9881,3.6251,0.1078,1.3345,0.4881
-3.3598,-9.3802,0.9159,-1.0562,-0.1942,-2.2378
-1.1949,-11.2612,0.9532,2.1852,0.8589,0.6003
-1.1949,-11.2612,0.9532,2.1852,0.8589,0.6003
-1.1949,-11.2612,0.9532,2.1852,0.8589,0.6003
-1.1949,-11.2612,0.9532,2.1852,0.8589,0.6003
-1.1949,-11.2612,0.9532,2.1852,0.8589,0.6003
-1.1949,-11.2612,0.9532,2.1852,0.8589,0.6003
-1.1949,-11.2612,0.9532,2.1852,0.8589,0.6003
-1.1949,-11.2612,0.9532,2.1852,0.8589,0.6003
-1.1949,-11.2612,0.9532,2.1852,0.8589,0.6003
-1.1949,-11.2612,0.9532,2.1852,0.8589,0.6003
-4.6181,-3.7322,-0.0751,0.4786,0.0052,-1.0986
-4.6181,-3.7322,-0.0751,0.4786,0.0052,-1.0986
-4.6181,-3.7322,-0.0751,0.4786,0.0052,-1.0986
-4.6181,-3.7322,-0.0751,0.4786,0.0052,-1.0986
-4.6181,-3.7322,-0.0751,0.4786,0.0052,-1.0986
-4.6181,-3.7322,-0.0751,0.3734,0.0279,0.0626
8.4287,-15.3281,-3.3371,0.4479,-0.8112,1.1589
-4.8718,-19.9834,-0.7035,0.4696,-0.5027,-0.0418
-2.0157,-3.5994,-0.1696,-0.1022,0.8436,-0.2885
-2.8654,-6.4089,0.7352,-0.0495,-0.6021,0.9741
-0.3314,-12.023,0.8788,1.1959,-0.5924,1.4166
1.366,-10.4788,3.1196,1.5432,-1.2257,1.6073
-0.1472,-11.3623,-4.7402,1.1942,4.6768,0.1147
1.9334,-9.702,-0.664,-0.6988,0.1776,0.0632
-4.5963,-17.4673,2.0521,-2.2611,-0.9147,-3.2715
-3.2067,-5.8403,-3.4687,-0.4232,1.4578,-2.0425
-4.4731,-4.1333,1.7779,0.3468,-0.2451,-0.1713
10.8275,-18.8701,-0.3757,0.5763,-0.485,1.4822
-4.7186,-18.0096,-0.8151,0.3867,0.6985,-0.1895
-3.0344,-9.0736,0.2432,-0.3328,-0.6828,0.3204
-1.794,-6.4591,1.1937,-1.4379,-1.5696,0.7704
-1.6098,-9.2602,1.663,1.2093,-2.2763,0.7197
-0.8306,-10.0457,-0.0117,2.1949,1.2735,0.3326
-1.3107,-10.9792,-3.3646,1.0748,2.7994,0.2749
2.7607,-10.9983,-1.0507,-0.888,-0.4788,0.5342
-3.2605,-15.0529,1.4509,-2.3206,-1.6585,-2.8336
-2.9061,-8.651,1.226,-1.3597,-1.0731,-1.7612
-4.9005,-5.5017,0.2432,0.2011,-2.2071,-0.6867
2.6755,-11.6438,-3.8231,-0.2814,-3.9868,0.5595
-2.4215,-7.1462,3.8393,-0.881,-3.5432,-0.8686
-3.6724,-7.4779,-6.2363,1.1269,-0.5928,-0.709
1.6271,-13.5434,1.0454,0.1489,-3.7401,1.6429
0.4732,-11.2534,-4.7904,-0.0893,-0.0105,0.2019
0.9039,-12.1331,7.5404,-2.4642,-4.1451,0.454
0.1104,-9.2865,4.2174,-1.5911,-1.379,-0.3198
-2.9949,-11.962,-3.0703,-0.8052,-1.3799,-0.8659
-2.6393,-11.7227,4.2676,-1.5144,-1.2286,-1.9132
-2.3892,-7.9161,-1.7892,-0.1041,0.7816,-1.2238
-1.9726,-5.7159,-2.5005,0.2491,-0.7081,0.1054
6.4917,-12.1463,-5.4571,0.6072,-0.2952,0.3974
-1.1809,-13.1306,-1.3528,-0.4284,-0.2118,-0.1967
-4.3947,-8.4239,-0.3996,-0.4284,-0.2118,-0.1967
-4.3947,-8.4239,-0.3996,-0.4284,-0.2118,-0.1967
-4.3947,-8.4239,-0.3996,-0.4284,-0.2118,-0.1967
-4.3947,-8.4239,-0.3996,-0.4284,-0.2118,-0.1967
-4.3947,-8.4239,-0.3996,-0.4284,-0.2118,-0.1967
-4.3947,-8.4239,-0.3996,-0.4284,-0.2118,-0.1967
-4.3947,-8.4239,-0.3996,-0.4284,-0.2118,-0.1967
-4.3947,-8.4239,-0.3996,-0.4284,-0.2118,-0.1967
-4.3947,-8.4239,-0.3996,-0.4284,-0.2118,-0.1967
-4.3947,-8.4239,-0.3996,-0.4284,-0.2118,-0.1967
-4.3947,-8.4239,-0.3996,-0.4284,-0.2118,-0.1967
-4.3947,-8.4239,-0.3996,-0.4284,-0.2118,-0.1967
-4.3947,-8.4239,-0.3996,-0.4284,-0.2118,-0.1967
-4.3947,-8.4239,-0.3996,-0.4284,-0.2118,-0.1967
-4.3947,-8.4239,-0.3996,-0.4284,-0.2118,-0.1967
-4.3947,-8.4239,-0.3996,-0.4284,-0.2118,-0.1967
-4.3947,-8.4239,-0.3996,-0.4284,-0.2118,-0.1967
-4.3947,-8.4239,-0.3996,-0.4284,-0.2118,-0.1967
-4.3947,-8.4239,-0.3996,-0.4284,-0.2118,-0.1967
-4.3947,-8.4239,-0.3996,-0.4284,-0.2118,-0.1967
-4.3947,-8.4239,-0.3996,-0.4284,-0.2118,-0.1967
-4.3947,-8.4239,-0.3996,-0.4284,-0.2118,-0.1967
-4.3947,-8.4239,-0.3996,-0.4284,-0.2118,-0.1967
-4.3947,-8.4239,-0.3996,-0.4284,-0.2118,-0.1967
-4.3947,-8.4239,-0.3996,-0.4284,-0.2118,-0.1967
-4.3947,-8.4239,-0.3996,-0.4284,-0.2118,-0.1967
-4.3947,-8.4239,-0.3996,-0.4284,-0.2118,-0.1967
-4.3947,-8.4239,-0.3996,-0.4284,-0.2118,-0.1967
-4.3947,-8.4239,-0.3996,-0.4284,-0.2118,-0.1967
-4.3947,-8.4239,-0.3996,-0.4284,-0.2118,-0.1967
-4.3947,-8.4239,-0.3996,-0.4284,-0.2118,-0.1967
-4.3947,-8.4239,-0.3996,-0.4284,-0.2118,-0.1967
-4.3947,-8.4239,-0.3996,-0.4284,-0.2118,-0.1967
-4.3947,-8.4239,-0.3996,-0.4284,-0.2118,-0.1967
-4.3947,-8.4239,-0.3996,-0.4284,-0.2118,-0.1967
-4.3947,-8.4239,-0.3996,-0.4284,-0.2118,-0.1967
-4.3947,-8.4239,-0.3996,-0.4284,-0.2118,-0.1967
-4.3947,-8.4239,-0.3996,-0.4284,-0.2118,-0.1967
-4.3947,-8.4239,-0.3996,-0.4284,-0.2118,-0.1967
-4.3947,-8.4239,-0.3996,-0.4284,-0.2118,-0.1967
-4.3947,-8.4239,-0.3996,-0.4284,-0.2118,-0.1967
-4.3947,-8.4239,-0.3996,-0.4284,-0.2118,-0.1967
-4.3947,-8.4239,-0.3996,-0.4284,-0.2118,-0.1967
-4.3947,-8.4239,-0.3996,-0.4284,-0.2118,-0.1967
-4.3875,-9.8845,0.4226,-1.0218,3.7889,-0.5965
-4.3875,-9.8845,0.4226,-1.0218,3.7889,-0.5965
-4.3875,-9.8845,0.4226,-1.0218,3.7889,-0.5965
-4.3875,-9.8845,0.4226,-1.0218,3.7889,-0.5965
-4.3875,-9.8845,0.4226,-1.0218,3.7889,-0.5965
-4.3875,-9.8845,0.4226,-1.0218,3.7889,-0.5965
-4.3875,-9.8845,0.4226,-1.0218,3.7889,-0.5965
-4.3875,-9.8845,0.4226,-1.0218,3.7889,-0.5965
-4.3875,-9.8845,0.4226,-1.0218,3.7889,-0.5965
-4.3875,-9.8845,0.4226,-1.0218,3.7889,-0.5965
-4.3875,-9.8845,0.4226,-1.0218,3.7889,-0.5965
-4.3875,-9.8845,0.4226,-1.0218,3.7889,-0.5965
-4.3875,-9.8845,0.4226,-1.0218,3.7889,-0.5965
-4.3875,-9.8845,0.4226,-1.0218,3.7889,-0.5965
-4.3875,-9.8845,0.4226,-1.0218,3.7889,-0.5965
0.941,-10.2682,1.3863,1.1369,0.2164,0.6643
-0.4534,-9.702,-0.8043,1.6707,2.5918,-0.3551
-1.7557,-10.5174,0.5856,0.5006,0.846,0.017
-1.252,-12.411,1.8855,-0.5288,-0.0318,0.3598
1.0992,-8.991,-4.7139,-0.1495,-0.2689,-0.297
-4.0397,-12.8635,-0.4738,-1.6154,-1.5299,-2.233
-1.9726,-6.743,-1.3223,-1.069,-0.3153,-1.4793
-5.2561,-5.2561,0.9832,-0.2114,0.2011,-1.4633
8.0264,-16.5144,-3.4089,0.6774,-0.8485,1.0551
-4.5808,-15.6443,-0.8019,0.3702,-0.7507,0.2259
-3.1313,-7.1979,-0.0081,0.2321,0.3302,0.1096
-2.6154,-7.9651,0.5785,-0.7367,0.1779,0.6012
-0.8737,-8.5756,1.4812,0.9001,-2.8036,0.9769
0.1235,-10.6765,1.0298,1.0914,-0.7985,0.7709
-1.3825,-11.1685,-1.4758,1.9698,2.2071,0.2355
1.5132,-12.824,-1.7677,0.4171,2.3234,0.3715
-2.7661,-13.0884,-1.034,-2.2832,0.4464,-2.7989
-5.2717,-11.3803,2.016,-1.742,-0.1582,-2.3388
-5.056,-6.3526,0.97,0.204,0.2654,-1.4172
-3.8506,-4.8072,-0.8833,0.5204,-0.1868,0.6805
-0.4893,-11.1171,-2.8738,0.3317,0.58,-0.0367
-3.8219,-10.5676,-1.2541,0.1628,-0.3297,-0.0999
-2.8463,-12.7005,0.6778,-0.7747,0.4193,0.6382
-1.3083,-7.6119,1.3086,0.0667,-2.3534,0.7057
-1.0819,-9.0664,1.535,1.4753,-1.0106,0.4193
-1.8685,-10.911,-0.5348,1.7195,0.8202,0.7034
0.2791,-10.8177,-4.6609,2.5582,0.4783,0.7953
2.0076,-12.551,-1.2099,-2.0766,0.2943,-1.0919
-5.3363,-14.7775,6.2596,-2.6236,-1.154,-2.9202
-2.4814,-5.8917,-1.8538,0.2808,-0.2448,-1.3671
-2.8857,-6.5273,-1.6804,0.1817,-0.259,-0.6431
7.7306,-13.852,-1.3621,0.2098,-1.1018,0.5114
-1.6672,-13.4943,-2.857,0.1005,0.4623,-0.0231
-3.7789,-12.5545,0.3547,0.0365,0.5459,-0.0499
-1.9259,-6.1947,1.2284,-0.529,-2.2473,0.5769
-1.7874,-8.8184,1.6642,1.6081,-1.5826,0.6962
-0.4848,-9.9688,0.4178,1.3246,1.1472,0.8706
0.0482,-11.0749,-1.5374,1.9772,0.0128,0.9512
0.4382,-12.0571,-2.4957,-1.8457,0.6735,-0.9977
1.8476,-10.8362,-1.491,-1.8457,0.6735,-0.9977
-4.5924,-10.6155,2.3892,0.1941,0.2973,-1.3032
-4.8269,-4.7698,0.7869,0.1645,-0.2596,-0.5808
0.5471,-10.882,-4.0116,0.3302,-0.6583,0.6643
-3.5737,-16.124,-0.7286,0.0447,0.4172,-0.2101
-2.5648,-6.1481,-1.057,0.2509,0.3812,-0.1067
-2.4317,-7.9525,0.7678,-0.797,-1.7292,0.6874
-1.4037,-8.9716,1.1109,1.0074,-2.2009,1.0261
0.7564,-10.0271,0.213,2.1771,1.2487,0.8167
0.0571,-10.6002,-2.9629,1.7447,2.9857,0.234
0.9553,-11.2493,-2.0444,-2.3304,0.3618,-1.1617
-3.8351,-15.7304,2.1861,-2.8322,-0.877,-2.8143
-3.4735,-7.0899,2.8573,0.0657,-2.4944,-1.2803
-6.2327,-8.0566,0.4609,1.0681,-1.7386,-0.8695
-2.6318,-11.4042,-7.6989,-0.7929,-2.7781,0.855
-1.3137,-10.5942,1.6421,-0.7213,-1.6956,0.0363
-2.7329,-9.7143,0.9464,1.3765,0.0385,-0.2599
-2.5322,-9.583,-0.2426,-0.4592,-1.751,0.5922
-1.7055,-9.5997,1.3478,-0.3155,-1.9775,0.4801
-1.8625,-9.7687,0.3583,0.2123,0.7848,-0.026
-1.7836,-9.5865,0.2827,0.3404,0.2219,-0.0996
-1.9283,-9.2629,-0.064,0.2537,0.5711,-0.2766
-1.9283,-9.2629,-0.064,0.2537,0.5711,-0.2766
-2.5155,-9.5617,0.0458,0.0892,0.6339,0.0241
-1.4671,-9.5276,-0.7615,-0.036,-0.4894,-0.0246
-1.7764,-10.019,-0.7101,-0.1762,-0.8265,0.0113
-2.6895,-9.2462,0.9003,-0.1006,-0.084,-0.365
-3.1217,-9.6096,0.6093,0.1579,0.3004,0.0342
-0.3173,-9.8593,0.0365,0.281,-0.5867,0.3005
-0.9571,-9.6455,-1.1082,0.1755,0.2604,-0.0382
-1.27,-9.3724,-0.0999,-0.1052,-0.4679,0.0593
-1.6038,-9.6787,0.1319,-0.1639,-0.7097,-0.0255
-1.8093,-9.4917,0.5994,-0.1855,-0.9554,-0.0005
-2.1691,-9.2656,0.7872,-0.2787,-0.6425,-0.0791
-1.9774,-10.2574,1.1291,-0.0037,-1.0891,0.2077
0.9817,-9.8336,-2.7697,0.647,-0.2816,0.2272
0.2408,-10.4369,-0.8665,-0.7226,-2.0069,0.2175
0.8046,-11.0498,0.2192,-1.142,-3.3477,0.3039
2.4852,-11.1984,2.2424,-1.8929,-5.3516,0.5638
0.0721,-9.3236,2.3477,-1.9845,-2.9545,0.117
-1.4183,-9.9703,3.6153,-1.1928,-0.8184,-1.4488
-4.5209,-11.051,1.0609,0.1829,0.1009,-1.6427
-5.6186,-10.3184,-2.2155,2.6329,-3.4276,-0.5629
-2.9061,-7.6513,1.4605,-1.3588,-3.3366,0.722
-2.8546,-13.6032,0.6287,-0.0548,-1.0905,0.8818
-0.0272,-7.2541,0.8201,0.4942,-1.4515,0.4496
-1.4578,-9.4938,-0.2091,0.4592,0.2617,-0.0568
-3.3036,-9.8121,1.3744,-0.4919,-0.1568,-0.5217
-3.4543,-9.198,1.1447,-0.1355,0.483,-0.2614
-1.6887,-9.9978,0.2815,0.1828,0.0026,0.6748
0.2515,-9.7271,0.4971,0.6322,-0.4699,0.7017
-0.1376,-9.9365,-0.0583,0.2448,0.7691,-0.2874
-2.2394,-9.6446,-0.0966,0.0249,0.5209,-0.4029
-2.5208,-9.5812,0.9341,-0.3095,-0.323,-0.053
-1.4459,-9.6111,0.3811,-0.0741,0.1504,0.1171
-1.416,-9.387,0.4911,0.1381,-0.0562,-0.0489
-1.981,-9.6996,0.1666,0.062,0.1784,-0.0524
-1.8769,-9.7929,0.6538,-0.0727,-0.1759,0.0342
-1.7103,-9.5381,0.6311,-0.0076,0.0618,0.0728
-1.404,-9.6673,0.3428,0.0944,0.2054,0.1138
0.0625,-9.9305,-0.2991,0.3538,0.3401,0.0985
-2.0719,-13.3687,-1.4889,0.005,2.1778,-0.8017
1.2332,-10.6849,-0.3924,-0.4132,0.5818,-0.9419
0.1187,-8.3937,-2.6154,-0.0548,0.0883,-0.6936
1.3481,-8.0094,-0.8306,-0.2243,-0.0803,-0.0597
1.6259,-10.218,-0.0667,0.031,0.159,0.0412
-3.8375,-9.0975,-4.3355,0.146,0.8033,0.2213
-3.0846,-10.9851,-0.2572,-0.5169,0.3349,1.3141
-0.6317,-7.995,0.8345,-0.3257,-1.9625,1.4401
-0.4705,-9.2136,0.5916,0.6307,0.108,0.4748
-1.2969,-9.9951,1.4539,1.0998,0.9859,0.0058
-2.0919,-10.1327,0.3787,1.2176,2.0111,0.2272
0.6221,-12.1648,-1.1076,-0.0275,0.2124,0.5458
-0.3984,-10.6579,-2.1972,-1.9924,0.969,-2.7183
-2.9201,-9.5725,-0.7334,-0.8295,0.7707,-1.9521
-1.0184,-6.775,-1.4898,-0.2486,-0.888,-0.795
-1.2823,-8.9716,-1.9735,0.5508,-0.1996,0.7402
11.0587,-16.194,-4.7844,-0.0628,0.1043,-0.23
-3.5859,-7.9113,0.2994,-0.175,-0.814,0.1028
-3.0117,-8.4577,0.05,-1.2748,-0.1135,0.7677
-2.4882,-8.8801,0.4068,-0.0122,-2.5225,0.8746
-0.3664,-9.6302,1.9023,1.2252,-1.9623,0.7593
0.0562,-10.4094,0.2097,1.9214,2.3832,0.5072
1.6107,-13.1498,-2.0339,0.5925,2.205,0.6585
1.7976,-11.3324,-1.322,-1.9714,0.7894,-2.575
-3.0326,-13.0938,0.1223,-1.8092,-0.5577,-2.712
-3.0326,-13.0938,0.1223,-1.8092,-0.5577,-2.712
-3.0326,-13.0938,0.1223,-1.8092,-0.5577,-2.712
-3.0326,-13.0938,0.1223,-1.8092,-0.5577,-2.712
-3.0326,-13.0938,0.1223,-1.8092,-0.5577,-2.712
-3.0326,-13.0938,0.1223,-1.8092,-0.5577,-2.712
-3.0326,-13.0938,0.1223,-1.8092,-0.5577,-2.712
-3.0326,-13.0938,0.1223,-1.8092,-0.5577,-2.712
-3.0326,-13.0938,0.1223,-1.8092,-0.5577,-2.712
-3.0326,-13.0938,0.1223,-1.8092,-0.5577,-2.712
-3.0326,-13.0938,0.1223,-1.8092,-0.5577,-2.712
-3.0326,-13.0938,0.1223,-1.8092,-0.5577,-2.712
-3.0326,-13.0938,0.1223,-1.8092,-0.5577,-2.712
-3.0326,-13.0938,0.1223,-1.8092,-0.5577,-2.712
-3.0326,-13.0938,0.1223,-1.8092,-0.5577,-2.712
-5.5256,-11.6764,2.9073,2.1584,0.0409,0.8976
-3.7092,-9.3392,0.684,-0.9367,0.6496,0.4902
-2.0677,-9.1816,0.7657,0.0678,-1.6195,0.9705
-2.0677,-9.1816,0.7657,0.728,-1.6023,1.2496
0.1026,-10.9029,0.0069,2.2218,0.9864,0.6557
1.1124,-11.5786,-2.1685,-0.0231,1.3565,-0.146
0.2919,-10.3938,-3.8973,-2.0135,0.3364,-2.1413
-5.5582,-13.8218,3.236,-2.3537,-0.586,-2.8653
-2.9025,-6.376,-2.1763,0.1918,-0.4331,-1.0407
-4.4659,-5.0602,0.3135,0.1182,-0.6348,-0.3091
5.8499,-14.6653,-5.3824,0.2784,-0.5111,0.2865
-2.9022,-15.0643,-1.7653,-0.1106,0.1484,-0.0365
-2.6267,-4.9286,-0.0891,-0.9618,-0.6081,0.3945
-2.9515,-7.4294,1.0011,-1.3964,-0.5189,0.3176
-1.8718,-9.4666,0.2943,0.6849,-1.2176,1.0526
-1.4856,-9.8728,1.7177,1.0297,-0.5869,0.3286
-1.4955,-10.8323,0.3416,1.7844,2.7323,-0.2063
-0.1989,-9.5928,-2.3366,-0.4882,0.8349,0.7188
-3.288,-13.5051,-7.2918,-2.0637,1.1739,-1.4711
-2.3243,-8.7494,1.8939,-2.0637,1.1739,-1.4711
-0.3643,-5.0088,-1.9454,-0.5856,1.8008,-0.999
-0.5025,-8.9551,-0.8818,0.9792,-0.0481,0.575
2.0512,-10.474,-5.604,0.5571,-1.2121,0.0605
-1.3851,-9.8441,-0.3467,0.0878,-1.0659,-0.0999
-2.4503,-10.7447,-2.1808,0.7681,0.5834,0.0284
-3.1232,-8.269,1.1719,0.381,1.0858,0.168
-2.6662,-9.6541,-0.1869,0.2367,0.1324,0.1248
-2.9746,-10.1593,0.9951,-0.3757,2.3214,0.2172
-1.1282,-9.4316,5.6058,-0.596,-0.5899,0.6556
-0.7044,-11.3097,0.7699,1.3344,6.015,0.815
0.1358,-10.8126,-0.6006,1.2774,2.7441,0.771
0.8237,-8.645,1.1964,1.3504,1.9474,-0.4548
-2.7772,-9.9784,-4.992,0.5053,4.8801,-1.1411
1.2093,-7.8329,1.6226,-1.3252,-0.4004,0.9586
-0.6461,-6.5752,2.8002,0.8628,1.4624,0.6903
4.3026,-11.0124,-10.879,2.1697,3.8372,0.5391
4.3026,-11.0124,-10.879,-0.314,-0.9415,0.2999
4.3026,-11.0124,-10.879,-0.314,-0.9415,0.2999
4.3026,-11.0124,-10.879,-0.314,-0.9415,0.2999
4.3026,-11.0124,-10.879,-0.314,-0.9415,0.2999
4.3026,-11.0124,-10.879,-0.314,-0.9415,0.2999
4.3026,-11.0124,-10.879,-0.314,-0.9415,0.2999
4.3026,-11.0124,-10.879,-0.314,-0.9415,0.2999
4.3026,-11.0124,-10.879,-0.314,-0.9415,0.2999
4.3026,-11.0124,-10.879,-0.314,-0.9415,0.2999
4.3026,-11.0124,-10.879,-0.314,-0.9415,0.2999
4.3026,-11.0124,-10.879,-0.314,-0.9415,0.2999
4.3026,-11.0124,-10.879,-0.314,-0.9415,0.2999
4.3026,-11.0124,-10.879,-0.314,-0.9415,0.2999
4.3026,-11.0124,-10.879,-0.314,-0.9415,0.2999
4.3026,-11.0124,-10.879,-0.314,-0.9415,0.2999
4.3026,-11.0124,-10.879,-0.314,-0.9415,0.2999
4.3026,-11.0124,-10.879,-0.314,-0.9415,0.2999
4.3026,-11.0124,-10.879,-0.314,-0.9415,0.2999
4.3026,-11.0124,-10.879,-0.314,-0.9415,0.2999
4.3026,-11.0124,-10.879,-0.314,-0.9415,0.2999
4.3026,-11.0124,-10.879,-0.314,-0.9415,0.2999
4.3026,-11.0124,-10.879,-0.314,-0.9415,0.2999
4.3026,-11.0124,-10.879,-0.314,-0.9415,0.2999
4.3026,-11.0124,-10.879,-0.314,-0.9415,0.2999
4.3026,-11.0124,-10.879,-0.314,-0.9415,0.2999
0.6843,-9.6637,-0.2432,0.6573,-0.5452,1.6736
0.6843,-9.6637,-0.2432,0.6573,-0.5452,1.6736
0.6843,-9.6637,-0.2432,0.6573,-0.5452,1.6736
0.6843,-9.6637,-0.2432,0.6573,-0.5452,1.6736
0.6843,-9.6637,-0.2432,0.6573,-0.5452,1.6736
-2.6758,-13.5278,-0.3945,-1.328,0.8129,-2.8432
-2.6758,-13.5278,-0.3945,-1.328,0.8129,-2.8432
-5.0533,-12.5225,0.0918,-0.2992,0.5116,-1.8159
-4.1617,-5.3916,-1.9271,0.3271,-0.7275,1.4912
-0.6829,-14.0432,-0.5124,0.0208,-1.257,0.6081
-0.6829,-14.0432,-0.5124,0.0208,-1.257,0.6081
-0.6829,-14.0432,-0.5124,0.0208,-1.257,0.6081
-0.6829,-14.0432,-0.5124,0.0208,-1.257,0.6081
-0.6829,-14.0432,-0.5124,0.0208,-1.257,0.6081
-0.6829,-14.0432,-0.5124,0.0208,-1.257,0.6081
-0.6829,-14.0432,-0.5124,0.0208,-1.257,0.6081
-0.6829,-14.0432,-0.5124,0.0208,-1.257,0.6081
-0.6829,-14.0432,-0.5124,0.0208,-1.257,0.6081
-0.6829,-14.0432,-0.5124,0.0208,-1.257,0.6081
-0.6829,-14.0432,-0.5124,0.0208,-1.257,0.6081
-0.6829,-14.0432,-0.5124,0.0208,-1.257,0.6081
-0.6829,-14.0432,-0.5124,0.0208,-1.257,0.6081
-0.6829,-14.0432,-0.5124,0.0208,-1.257,0.6081
-0.6829,-14.0432,-0.5124,0.0208,-1.257,0.6081
-0.6829,-14.0432,-0.5124,0.0208,-1.257,0.6081
-0.6829,-14.0432,-0.5124,0.0208,-1.257,0.6081
-0.6829,-14.0432,-0.5124,0.0208,-1.257,0.6081
-0.6829,-14.0432,-0.5124,0.0208,-1.257,0.6081
-0.6829,-14.0432,-0.5124,0.0208,-1.257,0.6081
-0.6829,-14.0432,-0.5124,0.0208,-1.257,0.6081
-0.6829,-14.0432,-0.5124,0.0208,-1.257,0.6081
-0.6829,-14.0432,-0.5124,0.0208,-1.257,0.6081
-0.6829,-14.0432,-0.5124,0.0208,-1.257,0.6081
-0.6829,-14.0432,-0.5124,0.0208,-1.257,0.6081
-0.6829,-14.0432,-0.5124,0.0208,-1.257,0.6081
-0.6829,-14.0432,-0.5124,0.0208,-1.257,0.6081
-0.6829,-14.0432,-0.5124,0.0208,-1.257,0.6081
-0.6829,-14.0432,-0.5124,0.0208,-1.257,0.6081
-0.6829,-14.0432,-0.5124,0.0208,-1.257,0.6081
-0.6829,-14.0432,-0.5124,0.0208,-1.257,0.6081
-0.6829,-14.0432,-0.5124,0.0208,-1.257,0.6081
-0.6829,-14.0432,-0.5124,0.0208,-1.257,0.6081
-0.6829,-14.0432,-0.5124,0.0208,-1.257,0.6081
-0.6829,-14.0432,-0.5124,0.0208,-1.257,0.6081
-0.6829,-14.0432,-0.5124,0.0208,-1.257,0.6081
-0.6829,-14.0432,-0.5124,0.0208,-1.257,0.6081
-0.6829,-14.0432,-0.5124,0.0208,-1.257,0.6081
-0.6829,-14.0432,-0.5124,0.0208,-1.257,0.6081
-0.6829,-14.0432,-0.5124,0.0208,-1.257,0.6081
-0.6829,-14.0432,-0.5124,0.0208,-1.257,0.6081
-0.6829,-14.0432,-0.5124,0.0208,-1.257,0.6081
-0.6829,-14.0432,-0.5124,0.0208,-1.257,0.6081
-0.6829,-14.0432,-0.5124,0.0208,-1.257,0.6081
-0.6829,-14.0432,-0.5124,0.0208,-1.257,0.6081
-0.6829,-14.0432,-0.5124,0.0208,-1.257,0.6081
-0.6829,-14.0432,-0.5124,0.0208,-1.257,0.6081
-0.6829,-14.0432,-0.5124,0.0208,-1.257,0.6081
-0.6829,-14.0432,-0.5124,0.0208,-1.257,0.6081
-0.6829,-14.0432,-0.5124,0.0208,-1.257,0.6081
-0.6829,-14.0432,-0.5124,0.0208,-1.257,0.6081
-0.6829,-14.0432,-0.5124,0.0208,-1.257,0.6081
-0.6829,-14.0432,-0.5124,0.0208,-1.257,0.6081
-0.6829,-14.0432,-0.5124,0.0208,-1.257,0.6081
-0.6829,-14.0432,-0.5124,0.0208,-1.257,0.6081
-0.6829,-14.0432,-0.5124,0.0208,-1.257,0.6081
-0.6829,-14.0432,-0.5124,0.0208,-1.257,0.6081
-0.6829,-14.0432,-0.5124,0.0208,-1.257,0.6081
-0.6829,-14.0432,-0.5124,0.0208,-1.257,0.6081
-1.5069,-8.8454,-1.783,0.0208,-1.257,0.6081
-1.5069,-8.8454,-1.783,0.0208,-1.257,0.6081
-1.5069,-8.8454,-1.783,0.0208,-1.257,0.6081
-1.5069,-8.8454,-1.783,0.0208,-1.257,0.6081
-1.5069,-8.8454,-1.783,0.0208,-1.257,0.6081
-1.5069,-8.8454,-1.783,0.0208,-1.257,0.6081
-1.5069,-8.8454,-1.783,0.0208,-1.257,0.6081
-1.5069,-8.8454,-1.783,0.0208,-1.257,0.6081
-1.5069,-8.8454,-1.783,0.0208,-1.257,0.6081
-1.5069,-8.8454,-1.783,0.0208,-1.257,0.6081
-1.5069,-8.8454,-1.783,0.0208,-1.257,0.6081
-1.5069,-8.8454,-1.783,0.0208,-1.257,0.6081
-1.5069,-8.8454,-1.783,0.0208,-1.257,0.6081
-1.5069,-8.8454,-1.783,-0.1303,-0.146,-0.2118
-1.5069,-8.8454,-1.783,-0.1303,-0.146,-0.2118
-1.5069,-8.8454,-1.783,-0.1303,-0.146,-0.2118
-1.5069,-8.8454,-1.783,-0.1303,-0.146,-0.2118
-1.5069,-8.8454,-1.783,-0.1303,-0.146,-0.2118
-1.5069,-8.8454,-1.783,-0.1303,-0.146,-0.2118
-1.5069,-8.8454,-1.783,-0.1303,-0.146,-0.2118
-1.5069,-8.8454,-1.783,-0.1303,-0.146,-0.2118
-1.5069,-8.8454,-1.783,-0.1303,-0.146,-0.2118
-1.5069,-8.8454,-1.783,-0.1303,-0.146,-0.2118
-1.5069,-8.8454,-1.783,-0.1303,-0.146,-0.2118
-1.5069,-8.8454,-1.783,-0.1303,-0.146,-0.2118
-1.5069,-8.8454,-1.783,-0.1303,-0.146,-0.2118
-1.5069,-8.8454,-1.783,-0.1303,-0.146,-0.2118
-1.5069,-8.8454,-1.783,-0.1303,-0.146,-0.2118
-1.5069,-8.8454,-1.783,-0.1303,-0.146,-0.2118
-1.5069,-8.8454,-1.783,-0.1303,-0.146,-0.2118
-1.5069,-8.8454,-1.783,-0.1303,-0.146,-0.2118
-1.5069,-8.8454,-1.783,-0.1303,-0.146,-0.2118
-1.5069,-8.8454,-1.783,-0.1303,-0.146,-0.2118
-1.5069,-8.8454,-1.783,-0.1303,-0.146,-0.2118
-1.5069,-8.8454,-1.783,-0.1303,-0.146,-0.2118
-1.5069,-8.8454,-1.783,-0.1303,-0.146,-0.2118
-1.5069,-8.8454,-1.783,-0.1303,-0.146,-0.2118
-1.5069,-8.8454,-1.783,-0.1303,-0.146,-0.2118
-1.5069,-8.8454,-1.783,-0.1303,-0.146,-0.2118
-1.5069,-8.8454,-1.783,-0.1303,-0.146,-0.2118
-1.5069,-8.8454,-1.783,-0.1303,-0.146,-0.2118
-1.5069,-8.8454,-1.783,-0.1303,-0.146,-0.2118
-1.5069,-8.8454,-1.783,-0.1303,-0.146,-0.2118
-1.5069,-8.8454,-1.783,-0.1303,-0.146,-0.2118
-1.5069,-8.8454,-1.783,-0.1303,-0.146,-0.2118
-1.5069,-8.8454,-1.783,-0.1303,-0.146,-0.2118
-1.5069,-8.8454,-1.783,-0.1303,-0.146,-0.2118
-1.5069,-8.8454,-1.783,-0.1303,-0.146,-0.2118
-1.5069,-8.8454,-1.783,-0.1303,-0.146,-0.2118
-1.5069,-8.8454,-1.783,-0.1303,-0.146,-0.2118
-1.5069,-8.8454,-1.783,-0.1303,-0.146,-0.2118
-1.5069,-8.8454,-1.783,-0.1303,-0.146,-0.2118
-1.5069,-8.8454,-1.783,-0.1303,-0.146,-0.2118
-1.5069,-8.8454,-1.783,-0.1303,-0.146,-0.2118
-1.5069,-8.8454,-1.783,-0.1303,-0.146,-0.2118
-1.5069,-8.8454,-1.783,-0.1303,-0.146,-0.2118
-1.5069,-8.8454,-1.783,-0.1303,-0.146,-0.2118
-1.5069,-8.8454,-1.783,-0.1303,-0.146,-0.2118
-1.5069,-8.8454,-1.783,-0.1303,-0.146,-0.2118
-1.5069,-8.8454,-1.783,-0.1303,-0.146,-0.2118
-1.5069,-8.8454,-1.783,-0.1303,-0.146,-0.2118
-1.5069,-8.8454,-1.783,-0.1303,-0.146,-0.2118
-1.5069,-8.8454,-1.783,-0.1303,-0.146,-0.2118
-1.5069,-8.8454,-1.783,-0.1303,-0.146,-0.2118
-1.5069,-8.8454,-1.783,-0.1303,-0.146,-0.2118
-1.5069,-8.8454,-1.783,-0.1303,-0.146,-0.2118
-1.5069,-8.8454,-1.783,-0.1303,-0.146,-0.2118
-1.5069,-8.8454,-1.783,-0.1303,-0.146,-0.2118
-1.5069,-8.8454,-1.783,-0.1303,-0.146,-0.2118
-1.5069,-8.8454,-1.783,-0.1303,-0.146,-0.2118
-1.5069,-8.8454,-1.783,-0.1303,-0.146,-0.2118
-1.5069,-8.8454,-1.783,-0.1303,-0.146,-0.2118
-1.5069,-8.8454,-1.783,-0.1303,-0.146,-0.2118
-1.5069,-8.8454,-1.783,-0.1303,-0.146,-0.2118
-1.5069,-8.8454,-1.783,-0.1303,-0.146,-0.2118
-1.5069,-8.8454,-1.783,-0.1303,-0.146,-0.2118
-1.5069,-8.8454,-1.783,-0.1303,-0.146,-0.2118
-1.5069,-8.8454,-1.783,-0.1303,-0.146,-0.2118
-1.5069,-8.8454,-1.783,-0.1303,-0.146,-0.2118
-1.5069,-8.8454,-1.783,-0.1303,-0.146,-0.2118
-1.5069,-8.8454,-1.783,-0.1303,-0.146,-0.2118
-1.5069,-8.8454,-1.783,-0.1303,-0.146,-0.2118
-1.5069,-8.8454,-1.783,-0.1303,-0.146,-0.2118
-1.5069,-8.8454,-1.783,-0.1303,-0.146,-0.2118
-1.5069,-8.8454,-1.783,-0.1303,-0.146,-0.2118
-1.5069,-8.8454,-1.783,-0.1303,-0.146,-0.2118
-1.5069,-8.8454,-1.783,-0.1303,-0.146,-0.2118
-1.5069,-8.8454,-1.783,-0.1303,-0.146,-0.2118
-1.5069,-8.8454,-1.783,-0.1303,-0.146,-0.2118
-1.5069,-8.8454,-1.783,-0.1303,-0.146,-0.2118
-1.5069,-8.8454,-1.783,-0.1303,-0.146,-0.2118
-1.5069,-8.8454,-1.783,-0.1303,-0.146,-0.2118
-1.5069,-8.8454,-1.783,-0.1303,-0.146,-0.2118
-1.5069,-8.8454,-1.783,-0.1303,-0.146,-0.2118
-1.5069,-8.8454,-1.783,-0.1303,-0.146,-0.2118
-1.5069,-8.8454,-1.783,-0.1303,-0.146,-0.2118
-1.5069,-8.8454,-1.783,-0.1303,-0.146,-0.2118
-1.5069,-8.8454,-1.783,-0.1303,-0.146,-0.2118
-1.5069,-8.8454,-1.783,-0.1303,-0.146,-0.2118
-1.5069,-8.8454,-1.783,-0.1303,-0.146,-0.2118
-1.5069,-8.8454,-1.783,-0.1303,-0.146,-0.2118
-1.5069,-8.8454,-1.783,-0.1303,-0.146,-0.2118
-1.5069,-8.8454,-1.783,-0.1303,-0.146,-0.2118
-1.5069,-8.8454,-1.783,-0.1303,-0.146,-0.2118
-1.5069,-8.8454,-1.783,-0.1303,-0.146,-0.2118
-1.5069,-8.8454,-1.783,-0.1303,-0.146,-0.2118
-1.5069,-8.8454,-1.783,-0.1303,-0.146,-0.2118
-1.5069,-8.8454,-1.783,-0.1303,-0.146,-0.2118
-1.5069,-8.8454,-1.783,-0.1303,-0.146,-0.2118
-1.5069,-8.8454,-1.783,-0.1303,-0.146,-0.2118
-1.5069,-8.8454,-1.783,-0.1303,-0.146,-0.2118
-1.5069,-8.8454,-1.783,-0.1303,-0.146,-0.2118
-1.5069,-8.8454,-1.783,-0.1303,-0.146,-0.2118
-1.5069,-8.8454,-1.783,-0.1303,-0.146,-0.2118
-1.5069,-8.8454,-1.783,-0.1303,-0.146,-0.2118
-1.5069,-8.8454,-1.783,-0.1303,-0.146,-0.2118
-1.5069,-8.8454,-1.783,-0.1303,-0.146,-0.2118
-1.5069,-8.8454,-1.783,-0.1303,-0.146,-0.2118
-1.5069,-8.8454,-1.783,-0.1303,-0.146,-0.2118
-1.5069,-8.8454,-1.783,-0.1303,-0.146,-0.2118
-1.5069,-8.8454,-1.783,-0.1303,-0.146,-0.2118
-1.5069,-8.8454,-1.783,-0.1303,-0.146,-0.2118
-1.5069,-8.8454,-1.783,-0.1303,-0.146,-0.2118
-1.5069,-8.8454,-1.783,-0.1303,-0.146,-0.2118
-1.5069,-8.8454,-1.783,-0.1303,-0.146,-0.2118
-1.5069,-8.8454,-1.783,-0.1303,-0.146,-0.2118
-1.5069,-8.8454,-1.783,-0.1303,-0.146,-0.2118
-1.5069,-8.8454,-1.783,-0.1303,-0.146,-0.2118
-1.5069,-8.8454,-1.783,-0.1303,-0.146,-0.2118
-1.5069,-8.8454,-1.783,-0.1303,-0.146,-0.2118
-1.5069,-8.8454,-1.783,-0.1303,-0.146,-0.2118
-1.5069,-8.8454,-1.783,-0.1303,-0.146,-0.2118
-1.5069,-8.8454,-1.783,-0.1303,-0.146,-0.2118
-1.5069,-8.8454,-1.783,-0.1303,-0.146,-0.2118
-1.5069,-8.8454,-1.783,-0.1303,-0.146,-0.2118
-1.5069,-8.8454,-1.783,-0.1303,-0.146,-0.2118
-1.5069,-8.8454,-1.783,-0.1303,-0.146,-0.2118
-1.5069,-8.8454,-1.783,-0.1303,-0.146,-0.2118
-1.5069,-8.8454,-1.783,-0.1303,-0.146,-0.2118
-1.5069,-8.8454,-1.783,-0.1303,-0.146,-0.2118
-1.5069,-8.8454,-1.783,-0.1303,-0.146,-0.2118
-1.5069,-8.8454,-1.783,-0.1303,-0.146,-0.2118
-1.5069,-8.8454,-1.783,-0.1303,-0.146,-0.2118
-1.5069,-8.8454,-1.783,-0.1303,-0.146,-0.2118
-1.5069,-8.8454,-1.783,-0.1303,-0.146,-0.2118
-1.5069,-8.8454,-1.783,-0.1303,-0.146,-0.2118
-1.5069,-8.8454,-1.783,-0.1303,-0.146,-0.2118
-1.5069,-8.8454,-1.783,-0.1303,-0.146,-0.2118
-1.5069,-8.8454,-1.783,-0.1303,-0.146,-0.2118
-1.5069,-8.8454,-1.783,-0.1303,-0.146,-0.2118
-1.5069,-8.8454,-1.783,-0.1303,-0.146,-0.2118
-1.5069,-8.8454,-1.783,-0.1303,-0.146,-0.2118
-1.5069,-8.8454,-1.783,-0.1303,-0.146,-0.2118
-1.5069,-8.8454,-1.783,-0.1303,-0.146,-0.2118
-1.5069,-8.8454,-1.783,-0.1303,-0.146,-0.2118
-1.5069,-8.8454,-1.783,-0.1303,-0.146,-0.2118
-1.5069,-8.8454,-1.783,-0.1303,-0.146,-0.2118
-1.5069,-8.8454,-1.783,-0.1303,-0.146,-0.2118
-1.5069,-8.8454,-1.783,-0.1303,-0.146,-0.2118
-1.5069,-8.8454,-1.783,-0.1303,-0.146,-0.2118
-1.5069,-8.8454,-1.783,-0.1303,-0.146,-0.2118
-1.5069,-8.8454,-1.783,-0.1303,-0.146,-0.2118
1.3496,-11.0815,-3.6281,-0.1303,-0.146,-0.2118
-3.8913,-14.2621,-3.0096,-2.8928,-1.9903,-2.19
-2.4709,-6.0852,-0.2512,-1.2131,-1.729,-0.3702
-1.7623,-5.0761,1.4282,0.4465,-0.7127,0.2488
0.6425,-10.0038,-7.3038,0.3726,-1.2438,0.6217
-0.9882,-8.1841,-2.8005,0.3726,-1.2438,0.6217
-1.5571,-7.1411,-0.0993,0.336,-0.1087,-0.3138
-3.5447,-9.1241,0.9571,0.5295,1.9469,-0.235
-3.5447,-9.1241,0.9571,0.5295,1.9469,-0.235
-3.5447,-9.1241,0.9571,0.5295,1.9469,-0.235
2.6659,-9.5731,0.3766,0.3143,1.5508,0.0012
0.6153,-10.2867,-11.6752,0.2587,7.9415,-1.7482
-3.0132,-13.7321,3.0763,-0.8103,-1.1618,-1.4566
-2.3578,-6.3984,-3.9876,1.118,1.2959,-0.6148
-3.8118,-6.4875,0.0721,0.5979,-0.8451,0.1994
3.3066,-12.7693,-5.1203,1.6342,1.7655,1.1201
-4.6567,-15.536,-2.8403,-0.7665,0.261,-0.4963
-3.0757,-3.9808,0.8722,-1.1145,1.1232,-0.1014
-3.3975,-8.3569,0.0748,0.0985,2.9174,0.3798
-2.225,-10.4689,-0.2521,-1.1478,-0.9161,2.1613
2.3318,-7.9229,1.1261,1.3845,1.771,0.562
2.6324,-9.6939,1.0433,0.706,4.9037,-1.7574
-7.2102,-10.5658,-14.6818,3.0115,9.1945,-2.0505
-1.276,-7.9561,2.9384,-0.319,1.125,0.5223
-0.7801,-8.8747,1.1767,0.7776,2.5987,0.3661
-0.9206,-14.9563,1.3896,2.7616,3.2633,0.8182
-1.9047,-8.1509,-1.6442,1.7962,4.3845,-0.9477
-2.12,-11.1021,1.4524,-0.6608,0.2923,-0.3433
-2.5295,-9.8192,2.0417,-0.1232,3.2631,0.3343
-1.2763,-9.4807,0.0903,-0.1232,3.2631,0.3343
-1.2763,-9.4807,0.0903,-0.1232,3.2631,0.3343
-1.2763,-9.4807,0.0903,-0.1232,3.2631,0.3343
-1.2763,-9.4807,0.0903,-0.1232,3.2631,0.3343
-1.2763,-9.4807,0.0903,-0.1232,3.2631,0.3343
-1.2763,-9.4807,0.0903,-0.1232,3.2631,0.3343
-1.2763,-9.4807,0.0903,-0.1232,3.2631,0.3343
-1.2763,-9.4807,0.0903,-0.1232,3.2631,0.3343
-1.2763,-9.4807,0.0903,-0.1232,3.2631,0.3343
-1.2763,-9.4807,0.0903,-0.1232,3.2631,0.3343
-1.2763,-9.4807,0.0903,-0.1232,3.2631,0.3343
-1.2763,-9.4807,0.0903,-0.1232,3.2631,0.3343
-1.2763,-9.4807,0.0903,-0.1232,3.2631,0.3343
-1.2763,-9.4807,0.0903,-0.1232,3.2631,0.3343
-1.2763,-9.4807,0.0903,-0.1232,3.2631,0.3343
-1.2763,-9.4807,0.0903,-0.1232,3.2631,0.3343
-1.2763,-9.4807,0.0903,-0.1232,3.2631,0.3343
-1.2763,-9.4807,0.0903,-0.1232,3.2631,0.3343
-1.2763,-9.4807,0.0903,-0.1232,3.2631,0.3343
-1.2763,-9.4807,0.0903,-0.1232,3.2631,0.3343
-1.2763,-9.4807,0.0903,-0.1232,3.2631,0.3343
-1.2763,-9.4807,0.0903,-0.1232,3.2631,0.3343
-1.2763,-9.4807,0.0903,-0.1232,3.2631,0.3343
-1.2763,-9.4807,0.0903,-0.1232,3.2631,0.3343
-1.2763,-9.4807,0.0903,-0.1232,3.2631,0.3343
-1.2763,-9.4807,0.0903,-0.1232,3.2631,0.3343
-1.2763,-9.4807,0.0903,-0.1232,3.2631,0.3343
-1.2763,-9.4807,0.0903,-0.1232,3.2631,0.3343
-1.2763,-9.4807,0.0903,-0.1232,3.2631,0.3343
-1.2763,-9.4807,0.0903,-0.1232,3.2631,0.3343
-1.2763,-9.4807,0.0903,-0.1232,3.2631,0.3343
-1.2763,-9.4807,0.0903,-0.1232,3.2631,0.3343
-2.6393,-8.219,0.7137,-0.9102,2.3594,-1.6129
0.125,-10.1749,0.909,1.4389,-1.7667,0.4383
0.125,-10.1749,0.909,1.4389,-1.7667,0.4383
0.125,-10.1749,0.909,1.4389,-1.7667,0.4383
0.125,-10.1749,0.909,1.4389,-1.7667,0.4383
0.125,-10.1749,0.909,1.4389,-1.7667,0.4383
0.125,-10.1749,0.909,1.4389,-1.7667,0.4383
0.125,-10.1749,0.909,1.4389,-1.7667,0.4383
0.125,-10.1749,0.909,1.4389,-1.7667,0.4383
0.125,-10.1749,0.909,1.4389,-1.7667,0.4383
-4.8547,-12.62,-0.1893,-0.1668,-0.2575,-0.3873
-4.8547,-12.62,-0.1893,-0.1668,-0.2575,-0.3873
-4.8547,-12.62,-0.1893,-0.1668,-0.2575,-0.3873
-4.8547,-12.62,-0.1893,-0.1668,-0.2575,-0.3873
-4.8547,-12.62,-0.1893,-0.1668,-0.2575,-0.3873
-4.8547,-12.62,-0.1893,-0.1668,-0.2575,-0.3873
-4.8547,-12.62,-0.1893,-0.1668,-0.2575,-0.3873
-4.8547,-12.62,-0.1893,-0.1668,-0.2575,-0.3873
-4.8547,-12.62,-0.1893,-0.1668,-0.2575,-0.3873
-4.8547,-12.62,-0.1893,-0.1668,-0.2575,-0.3873
-4.8547,-12.62,-0.1893,-0.1668,-0.2575,-0.3873
-4.8547,-12.62,-0.1893,-0.1668,-0.2575,-0.3873
-4.8547,-12.62,-0.1893,-0.1668,-0.2575,-0.3873
-4.8547,-12.62,-0.1893,-0.1668,-0.2575,-0.3873
-4.8547,-12.62,-0.1893,-0.1668,-0.2575,-0.3873
-4.8547,-12.62,-0.1893,-0.1668,-0.2575,-0.3873
-4.8547,-12.62,-0.1893,-0.1668,-0.2575,-0.3873
-4.8547,-12.62,-0.1893,-0.1668,-0.2575,-0.3873
-4.8547,-12.62,-0.1893,-0.1668,-0.2575,-0.3873
-4.8547,-12.62,-0.1893,-0.1668,-0.2575,-0.3873
-4.8547,-12.62,-0.1893,-0.1668,-0.2575,-0.3873
-4.8547,-12.62,-0.1893,-0.1668,-0.2575,-0.3873
-4.8547,-12.62,-0.1893,-0.1668,-0.2575,-0.3873
-4.8547,-12.62,-0.1893,-0.1668,-0.2575,-0.3873
-4.8547,-12.62,-0.1893,-0.1668,-0.2575,-0.3873
-4.8547,-12.62,-0.1893,-0.1668,-0.2575,-0.3873
-4.8547,-12.62,-0.1893,-0.1668,-0.2575,-0.3873
-4.8547,-12.62,-0.1893,-0.1668,-0.2575,-0.3873
-4.8547,-12.62,-0.1893,-0.1668,-0.2575,-0.3873
-4.8547,-12.62,-0.1893,-0.1668,-0.2575,-0.3873
-4.8547,-12.62,-0.1893,-0.1668,-0.2575,-0.3873
-4.8547,-12.62,-0.1893,-0.1668,-0.2575,-0.3873
-4.8547,-12.62,-0.1893,-0.1668,-0.2575,-0.3873
-4.8547,-12.62,-0.1893,-0.1668,-0.2575,-0.3873
-3.5339,-10.7931,0.553,-0.6235,-0.1833,0.6244
-1.2574,-7.617,1.2631,-1.3726,-3.1901,-0.4884
-1.2574,-7.617,1.2631,-1.3726,-3.1901,-0.4884
-1.2574,-7.617,1.2631,-1.3726,-3.1901,-0.4884
-1.2574,-7.617,1.2631,-1.3726,-3.1901,-0.4884
-1.2574,-7.617,1.2631,-1.3726,-3.1901,-0.4884
-1.2574,-7.617,1.2631,-1.3726,-3.1901,-0.4884
-1.2574,-7.617,1.2631,-1.3726,-3.1901,-0.4884
-1.2574,-7.617,1.2631,-1.3726,-3.1901,-0.4884
-1.2574,-7.617,1.2631,-1.3726,-3.1901,-0.4884
-1.2574,-7.617,1.2631,-1.3726,-3.1901,-0.4884
-1.2574,-7.617,1.2631,-1.3726,-3.1901,-0.4884
-1.2574,-7.617,1.2631,-1.3726,-3.1901,-0.4884
-1.2574,-7.617,1.2631,-1.3726,-3.1901,-0.4884
-1.2574,-7.617,1.2631,-1.3726,-3.1901,-0.4884
-1.2574,-7.617,1.2631,-1.3726,-3.1901,-0.4884
-1.2574,-7.617,1.2631,-1.3726,-3.1901,-0.4884
-1.2574,-7.617,1.2631,-1.3726,-3.1901,-0.4884
-1.2574,-7.617,1.2631,-1.3726,-3.1901,-0.4884
-1.2574,-7.617,1.2631,-1.3726,-3.1901,-0.4884
-1.2574,-7.617,1.2631,-1.3726,-3.1901,-0.4884
-1.2574,-7.617,1.2631,-1.3726,-3.1901,-0.4884
-1.2574,-7.617,1.2631,-1.3726,-3.1901,-0.4884
-1.2574,-7.617,1.2631,-1.3726,-3.1901,-0.4884
-1.2574,-7.617,1.2631,-1.3726,-3.1901,-0.4884
-1.2574,-7.617,1.2631,-1.3726,-3.1901,-0.4884
-1.2574,-7.617,1.2631,-1.3726,-3.1901,-0.4884
-1.2574,-7.617,1.2631,-1.3726,-3.1901,-0.4884
-1.2574,-7.617,1.2631,-1.3726,-3.1901,-0.4884
-1.2574,-7.617,1.2631,-1.3726,-3.1901,-0.4884
-1.2574,-7.617,1.2631,-1.3726,-3.1901,-0.4884
-1.2574,-7.617,1.2631,-1.3726,-3.1901,-0.4884
-1.2574,-7.617,1.2631,-1.3726,-3.1901,-0.4884
-1.2574,-7.617,1.2631,-1.3726,-3.1901,-0.4884
-1.2574,-7.617,1.2631,-1.3726,-3.1901,-0.4884
-1.2574,-7.617,1.2631,-1.3726,-3.1901,-0.4884
-1.2574,-7.617,1.2631,-1.3726,-3.1901,-0.4884
-1.2574,-7.617,1.2631,-1.3726,-3.1901,-0.4884
-1.2574,-7.617,1.2631,-1.3726,-3.1901,-0.4884
-1.2574,-7.617,1.2631,-1.3726,-3.1901,-0.4884
-1.2574,-7.617,1.2631,-1.3726,-3.1901,-0.4884
-1.2574,-7.617,1.2631,-1.3726,-3.1901,-0.4884
-1.2574,-7.617,1.2631,-1.3726,-3.1901,-0.4884
-1.2574,-7.617,1.2631,-1.3726,-3.1901,-0.4884
-1.2574,-7.617,1.2631,-1.3726,-3.1901,-0.4884
-1.2574,-7.617,1.2631,-1.3726,-3.1901,-0.4884
-1.2574,-7.617,1.2631,-1.3726,-3.1901,-0.4884
-1.2574,-7.617,1.2631,-1.3726,-3.1901,-0.4884
-1.2574,-7.617,1.2631,-1.3726,-3.1901,-0.4884
-1.2574,-7.617,1.2631,-1.3726,-3.1901,-0.4884
-1.2574,-7.617,1.2631,-1.3726,-3.1901,-0.4884
-1.2574,-7.617,1.2631,-1.3726,-3.1901,-0.4884
-1.2574,-7.617,1.2631,-1.3726,-3.1901,-0.4884
-1.2574,-7.617,1.2631,-1.3726,-3.1901,-0.4884
-1.2574,-7.617,1.2631,-1.3726,-3.1901,-0.4884
-1.2574,-7.617,1.2631,-1.3726,-3.1901,-0.4884
-1.2574,-7.617,1.2631,-1.3726,-3.1901,-0.4884
-1.2574,-7.617,1.2631,-1.3726,-3.1901,-0.4884
-1.2574,-7.617,1.2631,-1.3726,-3.1901,-0.4884
-1.2574,-7.617,1.2631,-1.3726,-3.1901,-0.4884
-1.2574,-7.617,1.2631,-1.3726,-3.1901,-0.4884
-1.2574,-7.617,1.2631,-1.3726,-3.1901,-0.4884
-1.2574,-7.617,1.2631,-1.3726,-3.1901,-0.4884
-1.2574,-7.617,1.2631,-1.3726,-3.1901,-0.4884
-1.2574,-7.617,1.2631,-1.3726,-3.1901,-0.4884
-1.2574,-7.617,1.2631,-1.3726,-3.1901,-0.4884
-1.2574,-7.617,1.2631,-1.3726,-3.1901,-0.4884
-1.2574,-7.617,1.2631,-1.3726,-3.1901,-0.4884
-1.2574,-7.617,1.2631,-1.3726,-3.1901,-0.4884
-1.2574,-7.617,1.2631,-1.3726,-3.1901,-0.4884
-1.2574,-7.617,1.2631,-1.3726,-3.1901,-0.4884
-1.2574,-7.617,1.2631,-1.3726,-3.1901,-0.4884
-1.2574,-7.617,1.2631,-1.3726,-3.1901,-0.4884
-1.2574,-7.617,1.2631,-1.3726,-3.1901,-0.4884
-1.2574,-7.617,1.2631,-1.3726,-3.1901,-0.4884
-1.2574,-7.617,1.2631,-1.3726,-3.1901,-0.4884
-1.2574,-7.617,1.2631,-1.3726,-3.1901,-0.4884
-1.2574,-7.617,1.2631,-1.3726,-3.1901,-0.4884
-1.2574,-7.617,1.2631,-1.3726,-3.1901,-0.4884
-1.2574,-7.617,1.2631,-1.3726,-3.1901,-0.4884
-1.2574,-7.617,1.2631,-1.3726,-3.1901,-0.4884
-1.2574,-7.617,1.2631,-1.3726,-3.1901,-0.4884
-1.2574,-7.617,1.2631,-1.3726,-3.1901,-0.4884
-1.2574,-7.617,1.2631,-1.3726,-3.1901,-0.4884
-1.2574,-7.617,1.2631,-1.3726,-3.1901,-0.4884
-1.2574,-7.617,1.2631,-1.3726,-3.1901,-0.4884
-1.2574,-7.617,1.2631,-1.3726,-3.1901,-0.4884
-1.2574,-7.617,1.2631,-1.3726,-3.1901,-0.4884
-1.2574,-7.617,1.2631,-1.3726,-3.1901,-0.4884
-1.2574,-7.617,1.2631,-1.3726,-3.1901,-0.4884
-1.2574,-7.617,1.2631,-1.3726,-3.1901,-0.4884
-1.2574,-7.617,1.2631,-1.3726,-3.1901,-0.4884
-1.2574,-7.617,1.2631,-1.3726,-3.1901,-0.4884
-1.2574,-7.617,1.2631,-1.3726,-3.1901,-0.4884
-1.2574,-7.617,1.2631,-1.3726,-3.1901,-0.4884
-1.2574,-7.617,1.2631,-1.3726,-3.1901,-0.4884
-1.2574,-7.617,1.2631,-1.3726,-3.1901,-0.4884
-1.2574,-7.617,1.2631,-1.3726,-3.1901,-0.4884
-1.2574,-7.617,1.2631,-1.3726,-3.1901,-0.4884
-1.2574,-7.617,1.2631,-1.3726,-3.1901,-0.4884
-1.2574,-7.617,1.2631,-1.3726,-3.1901,-0.4884
-1.2574,-7.617,1.2631,-1.3726,-3.1901,-0.4884
-1.2574,-7.617,1.2631,-1.3726,-3.1901,-0.4884
-1.2574,-7.617,1.2631,-1.3726,-3.1901,-0.4884
-1.2574,-7.617,1.2631,-1.3726,-3.1901,-0.4884
-1.2574,-7.617,1.2631,-1.3726,-3.1901,-0.4884
-1.2574,-7.617,1.2631,-1.3726,-3.1901,-0.4884
-1.2574,-7.617,1.2631,-1.3726,-3.1901,-0.4884
-1.2574,-7.617,1.2631,-1.3726,-3.1901,-0.4884
-1.2574,-7.617,1.2631,-1.3726,-3.1901,-0.4884
-1.2574,-7.617,1.2631,-1.3726,-3.1901,-0.4884
-1.2574,-7.617,1.2631,-1.3726,-3.1901,-0.4884
-1.2574,-7.617,1.2631,-1.3726,-3.1901,-0.4884
-1.2574,-7.617,1.2631,-1.3726,-3.1901,-0.4884
-1.2574,-7.617,1.2631,-1.3726,-3.1901,-0.4884
-1.2574,-7.617,1.2631,-1.3726,-3.1901,-0.4884
-1.2574,-7.617,1.2631,-1.3726,-3.1901,-0.4884
-1.2574,-7.617,1.2631,-1.3726,-3.1901,-0.4884
-1.2574,-7.617,1.2631,-1.3726,-3.1901,-0.4884
-1.2574,-7.617,1.2631,-1.3726,-3.1901,-0.4884
-1.2574,-7.617,1.2631,-1.3726,-3.1901,-0.4884
-1.2574,-7.617,1.2631,-1.3726,-3.1901,-0.4884
-1.2574,-7.617,1.2631,-1.3726,-3.1901,-0.4884
-1.2574,-7.617,1.2631,-1.3726,-3.1901,-0.4884
-1.2574,-7.617,1.2631,-1.3726,-3.1901,-0.4884
-1.2574,-7.617,1.2631,-1.3726,-3.1901,-0.4884
-1.2574,-7.617,1.2631,-1.3726,-3.1901,-0.4884
-1.2574,-7.617,1.2631,-1.3726,-3.1901,-0.4884
-1.2574,-7.617,1.2631,-1.3726,-3.1901,-0.4884
-1.2574,-7.617,1.2631,-1.3726,-3.1901,-0.4884
-1.2574,-7.617,1.2631,-1.3726,-3.1901,-0.4884
-1.2574,-7.617,1.2631,-1.3726,-3.1901,-0.4884
-1.2574,-7.617,1.2631,-1.3726,-3.1901,-0.4884
-1.2574,-7.617,1.2631,-1.3726,-3.1901,-0.4884
-1.2574,-7.617,1.2631,-1.3726,-3.1901,-0.4884
-1.2574,-7.617,1.2631,-1.3726,-3.1901,-0.4884
-1.2574,-7.617,1.2631,-1.3726,-3.1901,-0.4884
-1.2574,-7.617,1.2631,-1.3726,-3.1901,-0.4884
-1.2574,-7.617,1.2631,-1.3726,-3.1901,-0.4884
-1.2574,-7.617,1.2631,-1.3726,-3.1901,-0.4884
-1.2574,-7.617,1.2631,-1.3726,-3.1901,-0.4884
-1.2574,-7.617,1.2631,-1.3726,-3.1901,-0.4884
-1.2574,-7.617,1.2631,-1.3726,-3.1901,-0.4884
-1.2574,-7.617,1.2631,-1.3726,-3.1901,-0.4884
-1.2574,-7.617,1.2631,-1.3726,-3.1901,-0.4884
-1.2574,-7.617,1.2631,-1.3726,-3.1901,-0.4884
-1.2574,-7.617,1.2631,-1.3726,-3.1901,-0.4884
-1.2574,-7.617,1.2631,-1.3726,-3.1901,-0.4884
-1.2574,-7.617,1.2631,-1.3726,-3.1901,-0.4884
-1.2574,-7.617,1.2631,-1.3726,-3.1901,-0.4884
-1.2574,-7.617,1.2631,-1.3726,-3.1901,-0.4884
-1.2574,-7.617,1.2631,-1.3726,-3.1901,-0.4884
-1.2574,-7.617,1.2631,-1.3726,-3.1901,-0.4884
-1.2574,-7.617,1.2631,-1.3726,-3.1901,-0.4884
-1.2574,-7.617,1.2631,-1.3726,-3.1901,-0.4884
-1.2574,-7.617,1.2631,-1.3726,-3.1901,-0.4884
-1.2574,-7.617,1.2631,-1.3726,-3.1901,-0.4884
-1.2574,-7.617,1.2631,-1.3726,-3.1901,-0.4884
-1.2574,-7.617,1.2631,-1.3726,-3.1901,-0.4884
-1.2574,-7.617,1.2631,-1.3726,-3.1901,-0.4884
-1.2574,-7.617,1.2631,-1.3726,-3.1901,-0.4884
-1.2574,-7.617,1.2631,-1.3726,-3.1901,-0.4884
-1.2574,-7.617,1.2631,-1.3726,-3.1901,-0.4884
-1.2574,-7.617,1.2631,-1.3726,-3.1901,-0.4884
-1.2574,-7.617,1.2631,-1.3726,-3.1901,-0.4884
-1.2574,-7.617,1.2631,-1.3726,-3.1901,-0.4884
-1.2574,-7.617,1.2631,-1.3726,-3.1901,-0.4884
-1.2574,-7.617,1.2631,-1.3726,-3.1901,-0.4884
-1.2574,-7.617,1.2631,-1.3726,-3.1901,-0.4884
-1.2574,-7.617,1.2631,-1.3726,-3.1901,-0.4884
-1.2574,-7.617,1.2631,-1.3726,-3.1901,-0.4884
-1.2574,-7.617,1.2631,-1.3726,-3.1901,-0.4884
-1.2574,-7.617,1.2631,-1.3726,-3.1901,-0.4884
-1.2574,-7.617,1.2631,-1.3726,-3.1901,-0.4884
-1.2574,-7.617,1.2631,-1.3726,-3.1901,-0.4884
-1.2574,-7.617,1.2631,-1.3726,-3.1901,-0.4884
-1.2574,-7.617,1.2631,-1.3726,-3.1901,-0.4884
-1.2574,-7.617,1.2631,-1.3726,-3.1901,-0.4884
-1.2574,-7.617,1.2631,-1.3726,-3.1901,-0.4884
-1.2574,-7.617,1.2631,-1.3726,-3.1901,-0.4884
-1.2574,-7.617,1.2631,-1.3726,-3.1901,-0.4884
-1.2574,-7.617,1.2631,-1.3726,-3.1901,-0.4884
-1.2574,-7.617,1.2631,-1.3726,-3.1901,-0.4884
-1.2574,-7.617,1.2631,-1.3726,-3.1901,-0.4884
-1.2574,-7.617,1.2631,-1.3726,-3.1901,-0.4884
-1.2574,-7.617,1.2631,-1.3726,-3.1901,-0.4884
-1.2574,-7.617,1.2631,-1.3726,-3.1901,-0.4884
-1.2574,-7.617,1.2631,-1.3726,-3.1901,-0.4884
-1.2574,-7.617,1.2631,-1.3726,-3.1901,-0.4884
-1.2574,-7.617,1.2631,-1.3726,-3.1901,-0.4884
-1.2574,-7.617,1.2631,-1.3726,-3.1901,-0.4884
-1.2574,-7.617,1.2631,-1.3726,-3.1901,-0.4884
-1.2574,-7.617,1.2631,-1.3726,-3.1901,-0.4884
-1.2574,-7.617,1.2631,-1.3726,-3.1901,-0.4884
-1.2574,-7.617,1.2631,-1.3726,-3.1901,-0.4884
-1.2574,-7.617,1.2631,-1.3726,-3.1901,-0.4884
-1.2574,-7.617,1.2631,-1.3726,-3.1901,-0.4884
-1.2574,-7.617,1.2631,-1.3726,-3.1901,-0.4884
-1.2574,-7.617,1.2631,-1.3726,-3.1901,-0.4884
-1.2574,-7.617,1.2631,-1.3726,-3.1901,-0.4884
-1.2574,-7.617,1.2631,-1.3726,-3.1901,-0.4884
-1.2574,-7.617,1.2631,-1.3726,-3.1901,-0.4884
-1.2574,-7.617,1.2631,-1.3726,-3.1901,-0.4884
-1.2574,-7.617,1.2631,-1.3726,-3.1901,-0.4884
-1.2574,-7.617,1.2631,-1.3726,-3.1901,-0.4884
-1.2574,-7.617,1.2631,-1.3726,-3.1901,-0.4884
-1.2574,-7.617,1.2631,-1.3726,-3.1901,-0.4884
-1.2574,-7.617,1.2631,-1.3726,-3.1901,-0.4884
-1.2574,-7.617,1.2631,-1.3726,-3.1901,-0.4884
-1.2574,-7.617,1.2631,-1.3726,-3.1901,-0.4884
-1.2574,-7.617,1.2631,-1.3726,-3.1901,-0.4884
-1.2574,-7.617,1.2631,-1.3726,-3.1901,-0.4884
-1.2574,-7.617,1.2631,-1.3726,-3.1901,-0.4884
-1.2574,-7.617,1.2631,-1.3726,-3.1901,-0.4884
-1.2574,-7.617,1.2631,-1.3726,-3.1901,-0.4884
-1.2574,-7.617,1.2631,-1.3726,-3.1901,-0.4884
-1.2574,-7.617,1.2631,-1.3726,-3.1901,-0.4884
-1.2574,-7.617,1.2631,-1.3726,-3.1901,-0.4884
-1.2574,-7.617,1.2631,-1.3726,-3.1901,-0.4884
-1.2574,-7.617,1.2631,-1.3726,-3.1901,-0.4884
-1.2574,-7.617,1.2631,-1.3726,-3.1901,-0.4884
-1.2574,-7.617,1.2631,-1.3726,-3.1901,-0.4884
-1.2574,-7.617,1.2631,-1.3726,-3.1901,-0.4884
-1.2574,-7.617,1.2631,-1.3726,-3.1901,-0.4884
-1.2574,-7.617,1.2631,-1.3726,-3.1901,-0.4884
-1.2574,-7.617,1.2631,-1.3726,-3.1901,-0.4884
-1.2574,-7.617,1.2631,-1.3726,-3.1901,-0.4884
4.0014,8.2953,8.1165,-1.3726,-3.1901,-0.4884
4.0014,8.2953,8.1165,0.1098,-1.264,-2.2265
1.1219,4.2823,8.5789,0.0037,-2.5112,-1.9558
2.059,4.663,9.6377,-0.5569,-1.5671,-1.8628
2.6456,4.6717,9.5384,-0.0626,-0.9693,-1.5731
2.6456,4.6717,9.5384,-0.0626,-0.9693,-1.5731
2.6456,4.6717,9.5384,-0.0626,-0.9693,-1.5731
2.4604,4.9813,8.4849,-0.1321,-0.3661,-1.5558
0.9852,5.0091,8.7452,-0.1321,-0.3661,-1.5558
-2.4613,5.208,8.9022,0.3589,0.4421,-0.3685
-2.4185,6.4379,5.6456,0.704,0.0837,-0.1836
-2.9085,5.6342,8.0815,-0.439,0.2385,-0.243
-1.5144,6.7397,6.7603,-0.1225,0.0941,0.1836
-0.8638,6.3156,8.0632,0.0266,-0.1715,-0.0072
-0.6263,6.9655,7.4716,0.0408,-0.3268,0.0524
-0.8734,7.2404,8.4042,-0.1742,-0.2341,0.0828
0.0377,3.8121,8.2475,0.549,0.0502,0.1466
0.7116,4.9448,6.6685,0.3427,0.3712,-0.2708
-0.1125,4.6756,8.1909,0.3123,0.067,0.1987
0.3248,5.3198,7.0436,-0.1917,-0.1158,0.0999
0.4211,5.5747,8.7568,0.0547,0.0831,-0.0548
0.3413,5.8723,9.0144,0.1109,0.0964,-0.0768
-0.3936,5.653,9.2279,-0.0466,0.3757,-0.0896
-1.2951,5.0946,8.0136,0.1759,0.2346,-0.1023
-1.4456,4.4363,7.6953,0.0009,-0.0018,0.2043
-0.9784,4.3687,8.6913,-0.575,-0.1735,0.3392
-0.2195,5.6725,7.2664,-0.2579,-0.2277,0.0521
-0.4107,5.1718,8.0438,-0.5166,0.1031,0.1735
-0.3269,5.3288,8.2059,-0.0441,0.0041,-0.0979
0.3063,5.2872,9.548,-0.1379,-0.1552,0.0605
0.3482,2.9659,11.3201,-0.5478,0.3366,0.348
0.0416,3.2318,9.2731,0.1658,0.1293,-0.1672
-0.236,3.6488,8.6154,0.2387,-0.0417,-0.062
0.341,4.8802,7.5248,0.1465,-0.1048,-0.8462
-0.9553,6.2163,7.7856,-0.6458,0.6121,-0.5805
-0.0212,5.8908,8.5726,0.1277,-0.5204,0.2514
0.2031,6.0233,10.3451,-0.1093,-0.6605,-0.1174
-0.5925,4.0086,10.2568,-0.1994,-0.3566,-0.0884
0.1831,3.8602,6.9643,-0.3004,-0.1061,0.6167
0.4074,3.5847,8.8881,-0.2676,-0.2573,0.1823
-0.7391,4.8141,7.9816,0.011,-0.1038,0.124
0.0144,4.8021,9.1926,-0.0183,0.0194,0.1168
1.6205,4.6044,11.2696,0.0874,-0.1171,0.0559
1.8829,2.6136,11.7129,0.1145,0.1975,-0.0415
1.9253,3.0727,9.539,-0.2723,-0.2889,-0.3001
0.9757,3.9574,7.1055,0.2989,-0.0539,-0.1397
2.0174,5.5519,8.5334,0.2801,-0.4183,-0.049
2.3028,6.5417,8.4912,0.7208,-0.009,-0.3095
1.8802,5.4622,9.979,-0.1422,-0.3092,-0.0513
1.1225,4.6397,9.5498,-0.2741,0.66,-0.0672
0.6811,4.1764,8.8134,-0.5553,0.3767,-0.1064
0.3628,4.5661,7.5272,-0.0348,0.104,-0.0049
0.2641,4.9481,7.5972,0.1292,0.0421,0.0276
0.4672,4.8646,8.2887,-0.5017,0.0542,-0.1894
1.2296,4.3543,9.958,-0.1935,-0.3256,-0.3543
1.3555,2.5983,9.1187,0.5238,-0.1312,-0.115
1.6834,2.6345,8.5854,-0.0628,-0.2917,-0.2497
1.8,5.1739,7.8419,0.2729,-0.2631,-0.2014
1.8182,5.3504,7.8646,0.1735,-0.0852,-0.3283
-0.0144,4.5921,8.4972,-0.2297,0.5159,-0.2307
0.7735,5.5484,8.6288,0.3744,-0.4273,-0.0681
0.6778,4.6463,9.7457,-0.0224,0.1958,-0.0837
0.064,4.5473,8.5412,-0.0484,0.0809,0.0808
0.7068,3.8737,10.3499,-0.2017,0.3224,-0.0144
0.4256,5.1254,6.8815,0.1287,0.1261,0.0292
-0.4241,5.3928,7.413,0.1049,0.0536,-0.0844
0.0754,5.4688,9.5181,0.0409,-0.1521,-0.1329
2.0608,5.4305,9.431,-0.0515,-0.6849,-0.3483
1.4019,4.3917,8.222,-0.1526,-1.0088,-0.6008
0.8602,3.8602,8.7529,-0.6162,0.3987,-0.6319
0.5641,5.1933,7.3307,0.0756,0.111,-0.4983
0.0245,4.9047,7.7333,-0.0078,0.0341,-0.4894
0.6117,5.4042,9.0861,-0.1608,-0.6225,0.015
0.9535,4.3427,11.6438,-0.2242,-0.6328,-0.1141
1.401,2.7882,8.7156,0.6425,-1.8984,1.58
2.7129,3.2548,2.7724,1.2415,-2.3408,1.1718
2.7129,3.2548,2.7724,1.2415,-2.3408,1.1718
2.7129,3.2548,2.7724,1.2415,-2.3408,1.1718
3.877,-3.5243,-0.0658,-0.1761,-3.6836,0.6869
31.3986,-12.801,8.9955,0.8746,-0.9048,5.016
11.3468,2.1203,-5.1087,-0.6009,2.0269,-1.4896
7.6253,-4.2781,-5.0192,-3.0096,2.7073,-1.5305
1.7252,-4.8036,-0.7986,0.6377,-1.1172,-0.8541
9.7968,-2.5914,-2.0288,-0.2581,-0.8853,-0.4384
9.9509,-8.2071,-3.0443,-1.2052,-1.1026,1.3084
8.1739,-9.0329,-1.9349,-0.3624,-1.3336,1.7595
4.7892,-4.3953,-0.1549,0.1306,-0.9448,1.6203
3.0257,-5.8286,1.4171,0.7767,0.6081,2.7876
1.4426,-3.7834,0.3096,1.9416,0.3958,4.4618
1.1749,-16.8045,2.773,-1.6699,4.0311,-3.6515
1.8422,-4.8332,-0.2456,-1.3297,5.9008,0.9551
4.8039,-10.3104,3.1334,-1.3798,1.1571,0.3451
3.4472,-10.9388,3.9849,-1.6177,4.8158,-0.1652
2.9186,-9.0918,3.0637,-2.3371,1.475,0.7837
6.5073,-7.5302,2.653,-1.1954,3.4714,0.6156
4.6911,-7.0801,-4.2359,-1.4181,3.3647,-0.2772
5.1655,-7.4399,-1.3956,-0.4445,2.2945,0.0553
4.1339,-7.9178,-0.2004,-0.4169,1.12,-0.3355
1.3657,-8.8304,0.5815,-0.1081,1.7997,0.3537
5.5421,-10.5769,1.0298,-0.3587,1.1823,0.7023
3.9188,-7.9917,0.1771,0.3147,0.8224,0.2544
4.2939,-7.8918,0.3697,0.6102,-0.4725,0.3934
4.4785,-8.4523,0.3257,0.1519,0.9005,0.0321
4.2526,-9.7137,0.6775,-0.6053,1.6722,0.0324
9.7229,-9.9012,-5.0509,-0.0476,-0.0118,0.037
7.0908,-10.8251,1.2616,-2.9223,-2.1418,-1.906
3.5133,-7.3552,0.2318,1.337,-0.0759,-1.0917
4.2598,-6.8761,-0.3257,0.3036,-1.8819,-1.4778
-0.6135,-6.184,2.1511,1.1001,-1.1756,-0.3302
13.2559,-8.4903,-6.6778,0.3737,-1.3912,0.0354
13.2559,-8.4903,-6.6778,0.3737,-1.3912,0.0354
4.5434,-6.181,2.2361,1.3481,-1.7156,-0.3595
4.7883,-11.0683,2.3632,1.6074,-0.3407,1.2451
3.641,-8.881,-0.0694,0.2158,1.0346,0.5557
4.3167,-8.3976,1.7722,0.0866,0.7321,0.4969
4.651,-8.0853,0.2566,-0.2816,1.2084,0.6299
6.4696,-8.7697,1.1997,-0.0553,0.6999,0.5214
7.4426,-10.6265,-2.2666,-1.6091,-2.0065,-1.5357
4.4979,-10.0621,4.1471,-1.7889,0.2272,-1.7947
4.6487,-9.2707,-1.6442,-0.1994,-0.8775,-1.5375
1.4225,-6.941,-0.2743,0.6948,-1.1116,-0.3763
10.3247,-7.9077,-6.0838,0.9572,-1.092,-0.0693
7.4728,-8.4162,-4.1647,0.4882,-2.1276,-0.2879
5.872,-9.3024,-3.2402,0.7741,-0.7156,-0.5291
0.2318,-8.9276,6.0963,1.0699,-3.1605,0.4905
1.7782,-10.8389,-0.1169,1.5949,5.5589,-0.6692
6.3942,-7.7886,0.7143,-0.936,1.5832,1.5755
7.9104,-7.3253,1.9187,0.7964,-1.539,1.2078
5.0204,-8.7105,-1.3983,0.1518,2.1432,-0.0647
6.9323,-9.463,0.4519,-0.9247,0.6675,0.0031
7.7973,-10.1524,-3.9302,-0.3166,0.6124,-0.7639
7.7973,-10.1524,-3.9302,-0.3166,0.6124,-0.7639
7.7973,-10.1524,-3.9302,-0.3166,0.6124,-0.7639
7.7973,-10.1524,-3.9302,-0.3166,0.6124,-0.7639
7.7973,-10.1524,-3.9302,-0.3166,0.6124,-0.7639
7.7973,-10.1524,-3.9302,-0.3166,0.6124,-0.7639
7.7973,-10.1524,-3.9302,-0.3166,0.6124,-0.7639
7.7973,-10.1524,-3.9302,-0.3166,0.6124,-0.7639
5.2062,-11.2187,-0.0479,0.6959,-0.173,0.9954
5.2062,-11.2187,-0.0479,0.6959,-0.173,0.9954
5.2062,-11.2187,-0.0479,0.6959,-0.173,0.9954
5.2062,-11.2187,-0.0479,0.6959,-0.173,0.9954
5.2062,-11.2187,-0.0479,0.6959,-0.173,0.9954
5.2062,-11.2187,-0.0479,0.6959,-0.173,0.9954
5.2062,-11.2187,-0.0479,0.6959,-0.173,0.9954
5.2062,-11.2187,-0.0479,0.6959,-0.173,0.9954
5.2062,-11.2187,-0.0479,0.6959,-0.173,0.9954
5.2062,-11.2187,-0.0479,0.6959,-0.173,0.9954
5.2062,-11.2187,-0.0479,0.6959,-0.173,0.9954
5.2062,-11.2187,-0.0479,0.6959,-0.173,0.9954
5.2062,-11.2187,-0.0479,0.6959,-0.173,0.9954
5.2062,-11.2187,-0.0479,0.6959,-0.173,0.9954
5.2062,-11.2187,-0.0479,0.6959,-0.173,0.9954
5.2062,-11.2187,-0.0479,0.6959,-0.173,0.9954
5.2062,-11.2187,-0.0479,0.6959,-0.173,0.9954
5.2062,-11.2187,-0.0479,0.6959,-0.173,0.9954
5.2062,-11.2187,-0.0479,0.6959,-0.173,0.9954
1.6825,-8.316,-1.8203,0.9796,0.2419,1.3918
1.6825,-8.316,-1.8203,0.9796,0.2419,1.3918
1.6825,-8.316,-1.8203,0.9796,0.2419,1.3918
1.6825,-8.316,-1.8203,0.9796,0.2419,1.3918
1.6825,-8.316,-1.8203,0.9796,0.2419,1.3918
1.6825,-8.316,-1.8203,0.9796,0.2419,1.3918
1.6825,-8.316,-1.8203,0.9796,0.2419,1.3918
1.6825,-8.316,-1.8203,0.9796,0.2419,1.3918
1.6825,-8.316,-1.8203,0.9796,0.2419,1.3918
1.6825,-8.316,-1.8203,0.9796,0.2419,1.3918
1.6825,-8.316,-1.8203,0.9796,0.2419,1.3918
1.6825,-8.316,-1.8203,0.9796,0.2419,1.3918
1.6825,-8.316,-1.8203,0.9796,0.2419,1.3918
1.6825,-8.316,-1.8203,0.9796,0.2419,1.3918
1.6825,-8.316,-1.8203,0.9796,0.2419,1.3918
1.6825,-8.316,-1.8203,0.9796,0.2419,1.3918
1.6825,-8.316,-1.8203,0.9796,0.2419,1.3918
1.6825,-8.316,-1.8203,0.9796,0.2419,1.3918
1.6825,-8.316,-1.8203,0.9796,0.2419,1.3918
1.6825,-8.316,-1.8203,0.9796,0.2419,1.3918
1.6825,-8.316,-1.8203,0.9796,0.2419,1.3918
1.6825,-8.316,-1.8203,0.9796,0.2419,1.3918
1.6825,-8.316,-1.8203,0.9796,0.2419,1.3918
1.6825,-8.316,-1.8203,0.9796,0.2419,1.3918
1.6825,-8.316,-1.8203,0.9796,0.2419,1.3918
1.6825,-8.316,-1.8203,0.9796,0.2419,1.3918
1.6825,-8.316,-1.8203,0.9796,0.2419,1.3918
1.6825,-8.316,-1.8203,0.9796,0.2419,1.3918
17.1524,-8.2935,-4.4686,0.2336,-1.2076,0.4384
7.9077,-13.7402,-3.4681,0.3474,0.409,-0.5324
7.9077,-13.7402,-3.4681,0.3474,0.409,-0.5324
7.9077,-13.7402,-3.4681,0.3474,0.409,-0.5324
7.9077,-13.7402,-3.4681,0.3474,0.409,-0.5324
7.9077,-13.7402,-3.4681,0.3474,0.409,-0.5324
7.9077,-13.7402,-3.4681,0.3474,0.409,-0.5324
7.9077,-13.7402,-3.4681,0.3474,0.409,-0.5324
7.9077,-13.7402,-3.4681,0.3474,0.409,-0.5324
1.0137,-6.9236,0.454,-0.0275,1.224,0.8822
1.5138,-5.2241,1.5553,-0.1901,0.0044,-0.5473
-1.8392,-5.6701,0.7534,0.5554,0.4838,0.8676
11.624,-6.7146,-3.3574,0.1787,1.2861,-0.4102
4.7611,-15.3658,-1.925,-0.2285,-0.0142,-0.2869
1.6214,-12.1687,1.6035,-0.6651,0.1249,0.8388
1.9427,-7.5855,1.4378,0.0145,-1.1808,0.9378
7.1225,-8.3701,1.8018,1.6012,-1.5545,1.1505
6.5127,-9.3987,0.3837,3.1645,2.3221,0.5821
8.2011,-9.3314,1.4348,-0.4314,-1.0491,-0.1817
7.1737,-10.7581,-3.7211,-0.6961,-0.5296,-1.2715
4.6017,-13.7599,2.2804,-2.9426,-0.4079,-2.7201
3.4286,-7.4297,-3.2387,0.0278,-1.3113,-1.1533
-2.7081,-5.9333,0.5809,0.7449,0.2155,0.6959
13.8108,-10.477,-5.6204,0.7492,-0.3457,1.733
12.4256,-8.7724,-2.8167,0.1811,1.0413,-0.3033
-0.0592,-7.2846,0.8994,-0.1245,0.595,0.2506
2.155,-11.0088,1.4402,-0.6544,-0.513,0.5667
4.1509,-7.5117,1.2173,0.9905,-0.7486,1.3811
6.2118,-8.4625,1.3597,1.2802,-0.3938,1.0105
6.1119,-9.5142,-2.869,0.7746,2.6981,0.4039
7.555,-9.545,0.2641,-0.9497,-0.5259,-0.0866
6.3263,-10.9086,-3.7193,-0.7457,-0.2431,-1.0276
2.5205,-12.4053,3.7143,-1.556,0.584,-1.7221
1.6313,-6.4935,2.1547,0.3303,-0.5692,-0.8141
-1.812,-6.5139,0.9598,0.9393,0.2943,0.4713
11.8738,-10.4291,-5.8705,0.6886,-0.4299,1.4352
5.1176,-16.5817,0.0574,0.1599,0.6388,-0.5246
0.9667,-5.8202,-0.842,-0.0191,-0.1645,0.0275
2.1855,-8.9504,1.5482,-0.3102,-0.2908,0.6822
3.743,-7.9289,1.1838,0.4242,0.0884,1.2747
6.7199,-8.0375,1.3313,1.7482,0.35,0.6425
5.5615,-9.0544,-0.7083,1.614,2.4025,0.2787
9.4205,-10.2269,-2.2283,-1.2576,0.5026,-0.8097
9.4205,-10.2269,-2.2283,-1.2576,0.5026,-0.8097
2.8155,-11.9898,2.4036,-1.4013,-0.6588,-0.3659
3.189,-7.4985,-1.389,-1.0282,-1.0331,-1.6476
-1.2111,-6.7591,-0.1334,0.4441,0.1683,0.6576
16.1112,-5.016,-3.3188,0.7561,-0.2402,1.7234
2.0399,-7.5736,1.5126,-0.305,-0.9111,-0.4633
0.8387,-9.3245,0.8183,0.1032,0.5203,0.4991
2.7395,-8.6776,0.7463,0.3967,-0.1228,0.9407
4.0992,-8.3856,1.1713,0.439,-0.1649,1.0276
6.3093,-8.6842,1.1288,1.1951,-0.3563,0.9926
6.2423,-6.935,-2.6474,0.0681,1.5781,0.2446
5.7957,-11.0169,0.594,-0.3228,0.8871,-1.2104
2.0186,-12.2207,-6.294,-3.102,1.0174,-1.9265
0.384,-14.6504,2.4407,-2.7917,1.5551,-1.9387
4.2206,-5.3438,1.0385,-0.7009,0.0793,-0.1933
0.632,-5.8714,0.5318,-0.1526,1.3956,0.5064
13.0167,-8.353,-2.537,0.8036,2.6196,1.034
10.8583,-12.2486,-3.4834,-0.1946,1.6119,-0.2248
0.5477,-9.1352,1.2817,-0.7229,0.0443,0.1098
1.1835,-12.0628,2.4371,-1.4648,1.461,0.0087
1.864,-9.5785,1.2918,-1.0389,1.2058,0.5785
5.0883,-9.4394,1.9621,-0.1481,0.7486,1.2793
7.1103,-5.5412,0.5112,0.5346,0.8172,0.7446
6.6912,-5.8771,0.0954,-0.182,2.8218,-0.9441
6.1008,-17.9641,-3.9111,-3.3508,9.594,-2.4648
3.9054,-6.2973,4.6119,-2.1412,1.528,0.4474
3.6392,-8.3378,-3.9574,-1.4517,2.9647,0.3355
4.9813,-7.6558,-0.9915,-1.1255,2.5431,0.6762
4.9968,-6.8839,-1.9513,-0.5521,1.2703,0.4768
9.877,-11.1538,-5.269,0.1045,1.7918,-0.2463
1.8682,-8.5059,-0.9784,0.2734,-0.3001,0.3115
1.812,-8.1123,0.725,0.0822,-3.4649,2.2841
7.3669,-2.3435,0.3494,-0.5786,-2.0283,-0.0012
-0.35,-12.2632,-2.2244,1.3002,2.5824,-1.3191
-0.7041,-9.6401,-1.2742,1.5146,-0.4829,1.0832
2.4356,-9.6921,-0.0422,0.5209,0.0695,0.8587
4.995,-11.8705,-4.6863,2.7841,2.5688,0.7669
7.4157,-12.0021,-10.2646,-3.4221,0.3176,0.0192
0.5824,-17.0031,6.2378,0.1338,2.6431,-0.7735
5.3955,-10.4991,-0.8456,0.8973,0.2981,-1.7727
-1.7635,-7.6516,-1.4273,-0.2456,2.9353,-1.33
3.8183,-0.9784,-1.8188,1.4202,3.1863,1.8519
21.9003,-7.2781,3.7032,-0.2984,1.988,3.4446
11.5735,-10.9478,11.5558,0.8164,2.5901,-4.9564
-1.124,-12.955,8.0501,5.7884,4.303,-7.3639
-2.4529,-8.3489,6.6371,2.9692,3.328,-1.8031
0.743,-1.1198,5.0112,2.8942,0.4478,0.6585
1.2721,2.3785,7.095,1.12,-0.8593,1.2707
4.3732,4.6762,8.1981,0.3966,-0.3589,-0.206
2.4577,4.43,9.5569,-0.2039,0.1092,-0.2393
0.6114,4.5846,9.3616,0.2454,0.6359,-0.133
0.1555,5.8977,6.0679,0.4371,0.4891,-0.2023
-0.3712,6.5486,6.7678,0.068,0.2277,0.0875
-0.0688,7.7707,8.7236,0.1778,0.3593,0.0626
-2.3614,6.4974,9.3066,-0.4271,0.2784,0.0002
-2.3752,5.1138,7.3232,-0.1322,0.2185,0.0342
-0.6123,4.654,8.2543,-0.5334,-0.593,0.4653
0.4923,5.3441,7.2006,0.3796,0.2169,-0.0243
-0.7771,6.227,6.8285,-0.0478,0.2918,0.1365
-0.5602,6.655,7.713,0.0647,0.2034,0.006
-0.0377,6.682,8.6456,-0.0686,0.0189,-0.1672
-0.0251,5.0755,8.2164,-0.1016,-0.1972,-0.3624
-2.0967,4.6986,9.0658,-0.8453,-0.2595,-0.5264
-0.6156,4.5817,8.6414,-0.3728,-0.4166,-0.2088
0.4274,4.7797,8.6082,0.0591,0.1359,0.0699
0.1825,5.4,8.3847,0.5832,0.642,0.1339
-0.5674,6.5758,8.5582,-0.0956,0.1771,0.0423
-1.4231,5.6169,10.3603,-0.4363,0.1098,0.118
-2.0142,4.2284,7.7001,-0.0397,-0.0615,0.2164
-1.8954,3.775,8.7739,-0.2592,0.2109,0.5488
-0.1908,4.8763,7.9184,-0.035,-0.1599,0.222
-0.0876,4.917,7.8374,0.4268,0.0747,0.0107
-1.2473,7.2293,7.8455,0.3975,0.058,0.0316
-1.459,7.494,7.4079,0.434,0.3772,0.3384
-1.0938,7.1689,7.6011,0.48,0.3059,0.3031
-0.8351,5.7736,9.0111,0.0437,0.3144,0.1677
-0.3365,5.327,7.8864,0.3476,0.181,0.2408
-1.6768,5.467,8.6836,0.011,0.392,-0.1816
-1.8218,6.4588,6.801,0.5343,0.6777,0.1613
-2.1392,7.8945,5.9441,-0.4001,0.0312,0.0197
-1.2849,7.3618,7.0696,-0.8637,-1.0685,0.0063
1.7569,5.5008,8.6521,-0.2535,-0.4865,0.1041
0.6888,5.9958,8.7374,-0.4568,-0.1442,-0.0815
0.1313,4.7082,8.4721,0.5493,0.1837,0.1009
-0.8518,4.4581,8.1586,0.835,0.4131,0.0388
-0.7116,5.6297,6.9981,0.1145,0.4256,0.3488
-0.201,6.326,6.4822,-0.0312,0.1529,0.0486
-0.1289,6.2225,7.448,-0.2495,0.2387,0.2063
-1.2843,7.1399,6.6514,-0.2422,0.0489,-0.0185
-1.436,7.1713,7.1163,-0.4765,-0.449,-0.0199
-0.4702,7.1315,8.49,-0.4122,-0.5269,0.0562
-0.3846,6.7367,9.0114,-0.1787,0.1362,0.2527
1.7958,3.1478,8.729,0.1416,-0.1658,-0.1999
0.1149,4.9454,7.8748,0.3783,0.2553,-0.2978
-0.5728,4.4686,9.184,0.1048,-0.0229,0.3827
0.0093,5.2804,7.512,0.3099,0.1477,0.2908
0.1202,5.4972,8.4963,-0.017,0.4297,0.6985
0.3688,5.8678,8.0515,0.0773,0.3839,0.626
0.3066,5.9324,7.5721,0.0519,0.4042,0.6261
0.1756,6.0239,8.5645,-0.197,0.4649,0.8882
-0.0431,5.2445,9.3147,0.186,0.7116,1.1363
-0.2824,4.8114,8.6321,0.2993,0.7474,1.0844
-0.0694,4.5538,8.0913,0.3063,0.6316,0.9086
0.1424,4.8954,8.0518,0.0049,0.4812,0.6521
-0.0718,5.1622,8.2995,-0.087,0.4209,0.4815
-0.5533,5.3055,8.7784,0.2614,0.8092,0.5849
-0.242,5.3016,8.4802,0.0426,0.5757,0.593
0.3972,5.6521,8.036,0.0666,0.1837,0.3506
0.2575,5.9844,7.9373,0.0567,0.1949,0.23
0.1029,6.1615,7.7372,-0.0903,0.1017,0.2298
0.265,6.3658,8.3201,-0.1179,-0.0017,0.1578
0.8441,5.7395,8.0207,0.3609,0.0747,0.0058
0.4765,5.86,7.6567,0.7326,0.4986,-0.1556
-0.8659,6.9778,6.6984,0.7451,0.7158,0.1674
-0.9069,7.4572,7.0645,0.9911,0.8314,0.0669
-1.6977,8.4284,5.3157,1.0911,0.7927,0.1932
-1.0851,7.727,5.7236,-1.0583,-0.8501,-0.1017
-0.5429,7.0032,7.203,-1.1148,-0.9085,-0.0895
-0.3571,6.623,7.8287,-0.239,-0.1724,-0.0773
-0.5345,6.6138,7.9394,-0.0411,-0.0983,-0.0516
-0.3912,6.661,7.1276,0.2094,0.0673,0.016
-0.303,6.5895,7.1527,-0.1749,-0.118,0.0308
-0.6147,6.4442,7.0516,-0.1778,0.0264,-0.077
1.1219,5.61,8.0653,-0.2442,0.5722,-0.0157
-2.5146,6.8683,8.0342,0.2611,0.4783,-0.1368
-1.9029,6.6882,6.8862,0.7428,0.7242,0.0564
-2.4227,6.9826,6.6096,0.5174,0.534,-0.0079
-2.3372,7.0301,5.7855,0.6076,0.5635,-0.0266
